,date,value,symbol
0,2023-09-11,90.84,XLE
1,2023-08-31,88.92,XLE
2,2023-07-31,87.48,XLE
3,2023-06-30,81.17,XLE
4,2023-05-31,75.9063,XLE
5,2023-04-28,84.37,XLE
6,2023-03-31,82.0906,XLE
7,2023-02-28,82.1025,XLE
8,2023-01-31,88.2241,XLE
9,2022-12-30,85.8108,XLE
10,2022-11-30,88.5096,XLE
11,2022-10-31,87.393,XLE
12,2022-09-30,69.9338,XLE
13,2022-08-31,77.3253,XLE
14,2022-07-29,75.3274,XLE
15,2022-06-30,68.6899,XLE
16,2022-05-31,82.8774,XLE
17,2022-04-29,71.4247,XLE
18,2022-03-31,72.6508,XLE
19,2022-02-28,66.4701,XLE
20,2022-01-31,62.0815,XLE
21,2021-12-31,52.2682,XLE
22,2021-11-30,50.7459,XLE
23,2021-10-29,53.4231,XLE
24,2021-09-30,48.4219,XLE
25,2021-08-31,44.435,XLE
26,2021-07-30,45.3439,XLE
27,2021-06-30,49.4569,XLE
28,2021-05-28,47.4674,XLE
29,2021-04-30,44.9035,XLE
30,2021-03-31,44.6035,XLE
31,2021-02-26,43.3122,XLE
32,2021-01-29,35.3694,XLE
33,2020-12-31,34.0921,XLE
34,2020-11-30,32.6216,XLE
35,2020-10-30,25.4868,XLE
36,2020-09-30,26.5783,XLE
37,2020-08-31,31.1077,XLE
38,2020-07-31,31.4393,XLE
39,2020-06-30,33.0274,XLE
40,2020-05-29,33.3951,XLE
41,2020-04-30,32.7403,XLE
42,2020-03-31,25.0377,XLE
43,2020-02-28,38.0898,XLE
44,2020-01-31,44.964,XLE
45,2019-12-31,50.5171,XLE
46,2019-11-29,47.6459,XLE
47,2019-10-31,46.8935,XLE
48,2019-09-30,47.8967,XLE
49,2019-08-30,46.0836,XLE
50,2019-07-31,50.2687,XLE
51,2019-06-28,51.0784,XLE
52,2019-05-31,46.6944,XLE
53,2019-04-30,52.5262,XLE
54,2019-03-29,52.5341,XLE
55,2019-02-28,51.4396,XLE
56,2019-01-31,50.2807,XLE
57,2018-12-31,45.2117,XLE
58,2018-11-30,51.6299,XLE
59,2018-10-31,52.4499,XLE
60,2018-09-28,59.1506,XLE
61,2018-08-31,57.7408,XLE
62,2018-07-31,59.8196,XLE
63,2018-06-29,58.9043,XLE
64,2018-05-31,58.5618,XLE
65,2018-04-30,56.8593,XLE
66,2018-03-29,51.9291,XLE
67,2018-02-28,51.0528,XLE
68,2018-01-31,57.2566,XLE
69,2017-12-29,55.2754,XLE
70,2017-11-30,52.5079,XLE
71,2017-10-31,51.6037,XLE
72,2017-09-29,52.0368,XLE
73,2017-08-31,47.2291,XLE
74,2017-07-31,49.9667,XLE
75,2017-06-30,48.6916,XLE
76,2017-05-31,48.7514,XLE
77,2017-04-28,50.5393,XLE
78,2017-03-31,52.074,XLE
79,2017-02-28,52.8592,XLE
80,2017-01-31,53.9848,XLE
81,2016-12-30,55.7769,XLE
82,2016-11-30,54.8295,XLE
83,2016-10-31,50.5495,XLE
84,2016-09-30,52.0155,XLE
85,2016-08-31,50.1632,XLE
86,2016-07-29,49.3358,XLE
87,2016-06-30,49.9655,XLE
88,2016-05-31,48.645,XLE
89,2016-04-29,49.1033,XLE
90,2016-03-31,45.0223,XLE
91,2016-02-29,40.8682,XLE
92,2016-01-29,42.0456,XLE
93,2015-12-31,43.5697,XLE
94,2015-11-30,48.6825,XLE
95,2015-10-30,48.6896,XLE
96,2015-09-30,43.8085,XLE
97,2015-08-31,47.1869,XLE
98,2015-07-31,49.2824,XLE
99,2015-06-30,53.3881,XLE
100,2015-05-29,55.3117,XLE
101,2015-04-30,58.3387,XLE
102,2015-03-31,54.7402,XLE
103,2015-02-27,55.3854,XLE
104,2015-01-30,52.9533,XLE
105,2014-12-31,55.4835,XLE
106,2014-11-28,55.6111,XLE
107,2014-10-31,60.906,XLE
108,2014-09-30,63.1355,XLE
109,2014-08-29,68.4401,XLE
110,2014-07-31,66.9776,XLE
111,2014-06-30,69.3827,XLE
112,2014-05-30,65.7606,XLE
113,2014-04-30,64.6774,XLE
114,2014-03-31,61.4483,XLE
115,2014-02-28,60.1803,XLE
116,2014-01-31,57.2485,XLE
117,2013-12-31,60.7707,XLE
118,2013-11-29,59.075,XLE
119,2013-10-31,59.0408,XLE
120,2013-09-30,56.6619,XLE
121,2013-08-30,55.4875,XLE
122,2013-07-31,56.0657,XLE
123,2013-06-28,53.2631,XLE
124,2013-05-31,54.4986,XLE
125,2013-04-30,52.9889,XLE
126,2013-03-28,53.693,XLE
127,2013-02-28,52.3614,XLE
128,2013-01-31,52.1322,XLE
129,2012-12-31,48.1355,XLE
130,2012-11-30,47.6476,XLE
131,2012-10-31,48.2378,XLE
132,2012-09-28,49.2401,XLE
133,2012-08-31,47.7494,XLE
134,2012-07-31,46.4944,XLE
135,2012-06-29,44.3049,XLE
136,2012-05-31,42.2754,XLE
137,2012-04-30,47.3314,XLE
138,2012-03-30,47.6703,XLE
139,2012-02-29,49.5612,XLE
140,2012-01-31,46.788,XLE
141,2011-12-30,45.7555,XLE
142,2011-11-30,46.7112,XLE
143,2011-10-31,45.9467,XLE
144,2011-09-30,38.5646,XLE
145,2011-08-31,45.0638,XLE
146,2011-07-29,50.1912,XLE
147,2011-06-30,49.4691,XLE
148,2011-05-31,50.4384,XLE
149,2011-04-29,52.6421,XLE
150,2011-03-31,52.1652,XLE
151,2011-02-28,51.2006,XLE
152,2011-01-31,47.6869,XLE
153,2010-12-31,44.4925,XLE
154,2010-11-30,40.7001,XLE
155,2010-10-29,38.448,XLE
156,2010-09-30,36.3841,XLE
157,2010-08-31,33.0769,XLE
158,2010-07-30,34.7824,XLE
159,2010-06-30,32.0949,XLE
160,2010-05-28,34.1177,XLE
161,2010-04-30,38.5295,XLE
162,2010-03-31,36.9925,XLE
163,2010-02-26,35.9773,XLE
164,2010-01-29,34.9263,XLE
165,2009-12-31,36.5348,XLE
166,2009-11-30,36.2167,XLE
167,2009-10-30,35.216,XLE
168,2009-09-30,34.3682,XLE
169,2009-08-31,32.4705,XLE
170,2009-07-31,32.1215,XLE
171,2009-06-30,30.4907,XLE
172,2009-05-29,32.626,XLE
173,2009-04-30,28.9013,XLE
174,2009-03-31,26.8053,XLE
175,2009-02-27,25.8302,XLE
176,2009-01-30,29.4635,XLE
177,2008-12-31,29.9973,XLE
178,2008-11-28,31.4104,XLE
179,2008-10-31,32.0164,XLE
180,2008-09-30,39.6753,XLE
181,2008-08-29,46.4,XLE
182,2008-07-31,46.3377,XLE
183,2008-06-30,55.107,XLE
184,2008-05-30,53.4202,XLE
185,2008-04-30,50.7802,XLE
186,2008-03-31,46.0035,XLE
187,2008-02-29,47.1047,XLE
188,2008-01-31,43.1096,XLE
189,2007-12-31,49.1486,XLE
190,2007-11-30,45.3928,XLE
191,2007-10-31,47.3885,XLE
192,2007-09-28,46.2146,XLE
193,2007-08-31,43.0315,XLE
194,2007-07-31,42.5201,XLE
195,2007-06-29,42.5139,XLE
196,2007-05-31,41.9685,XLE
197,2007-04-30,38.9392,XLE
198,2007-03-30,37.0405,XLE
199,2007-02-28,34.848,XLE
200,2007-01-31,35.5768,XLE
201,2006-12-29,35.9076,XLE
202,2006-11-30,36.9477,XLE
203,2006-10-31,34.029,XLE
204,2006-09-29,32.6368,XLE
205,2006-08-31,33.8724,XLE
206,2006-07-31,35.6856,XLE
207,2006-06-30,34.5295,XLE
208,2006-05-31,33.6741,XLE
209,2006-04-28,34.638,XLE
210,2006-03-31,32.977,XLE
211,2006-02-28,31.6331,XLE
212,2006-01-31,34.8484,XLE
213,2005-12-30,30.4062,XLE
214,2005-11-30,29.8669,XLE
215,2005-10-31,29.4268,XLE
216,2005-09-30,32.3502,XLE
217,2005-08-31,30.4379,XLE
218,2005-07-29,28.6107,XLE
219,2005-06-30,26.7173,XLE
220,2005-05-31,24.9758,XLE
221,2005-04-29,24.2987,XLE
222,2005-03-31,25.6889,XLE
223,2005-02-28,26.1897,XLE
224,2005-01-31,22.427,XLE
225,2004-12-31,21.6924,XLE
226,2004-11-30,22.3221,XLE
227,2004-10-29,20.9117,XLE
228,2004-09-30,20.7867,XLE
229,2004-08-31,18.939,XLE
230,2004-07-30,19.2354,XLE
231,2004-06-30,18.6604,XLE
232,2004-05-28,17.5654,XLE
233,2004-04-30,17.6185,XLE
234,2004-03-31,17.3233,XLE
235,2004-02-27,17.4309,XLE
236,2004-01-30,16.5608,XLE
237,2003-12-31,16.1964,XLE
238,2003-11-28,14.3211,XLE
239,2003-10-31,14.2099,XLE
240,2003-09-30,14.0753,XLE
241,2003-08-29,14.3725,XLE
242,2003-07-31,13.5107,XLE
243,2003-06-30,14.0057,XLE
244,2003-05-30,14.1875,XLE
245,2003-04-30,12.8256,XLE
246,2003-03-31,12.9357,XLE
247,2003-02-28,12.9189,XLE
248,2003-01-31,12.55,XLE
249,2002-12-31,12.8728,XLE
250,2002-11-29,12.8714,XLE
251,2002-10-31,12.3609,XLE
252,2002-09-30,12.1372,XLE
253,2002-08-30,13.07,XLE
254,2002-07-31,12.8761,XLE
255,2002-06-28,14.947,XLE
256,2002-05-31,15.5148,XLE
257,2002-04-30,15.7926,XLE
258,2002-03-28,16.3824,XLE
259,2002-02-28,15.0505,XLE
260,2002-01-31,14.5532,XLE
261,2001-12-31,15.0901,XLE
262,2001-11-30,14.2746,XLE
263,2001-10-31,15.1189,XLE
264,2001-09-28,14.5335,XLE
265,2001-08-31,16.0808,XLE
266,2001-07-31,16.7916,XLE
267,2001-06-29,16.9875,XLE
268,2001-05-31,18.6915,XLE
269,2001-04-30,18.8697,XLE
270,2001-03-30,17.1037,XLE
271,2001-02-28,17.6289,XLE
272,2001-01-31,17.8455,XLE
273,2000-12-29,18.4343,XLE
274,2000-11-30,16.7241,XLE
275,2000-10-31,17.6544,XLE
276,2000-09-29,18.1473,XLE
277,2000-08-31,17.8561,XLE
278,2000-07-31,16.097,XLE
279,2000-06-30,16.7311,XLE
280,2000-05-31,17.7113,XLE
281,2000-04-28,15.8507,XLE
282,2000-03-31,16.0867,XLE
283,2000-02-29,14.3082,XLE
284,2000-01-31,14.9372,XLE
285,1999-12-31,14.8169,XLE
286,2023-09-11,34.46,XLF
287,2023-08-31,34.38,XLF
288,2023-07-31,35.33,XLF
289,2023-06-30,33.71,XLF
290,2023-05-31,31.6168,XLF
291,2023-04-28,33.0204,XLF
292,2023-03-31,32.005,XLF
293,2023-02-28,35.3857,XLF
294,2023-01-31,36.2178,XLF
295,2022-12-30,33.8799,XLF
296,2022-11-30,35.7458,XLF
297,2022-10-31,33.452,XLF
298,2022-09-30,29.8882,XLF
299,2022-08-31,32.3685,XLF
300,2022-07-29,33.0149,XLF
301,2022-06-30,30.8015,XLF
302,2022-05-31,34.5581,XLF
303,2022-04-29,33.6228,XLF
304,2022-03-31,37.3349,XLF
305,2022-02-28,37.3834,XLF
306,2022-01-31,37.9074,XLF
307,2021-12-31,37.8977,XLF
308,2021-11-30,36.6604,XLF
309,2021-10-29,38.8816,XLF
310,2021-09-30,36.2451,XLF
311,2021-08-31,36.9216,XLF
312,2021-07-30,35.114,XLF
313,2021-06-30,35.2775,XLF
314,2021-05-28,36.3863,XLF
315,2021-04-30,34.7293,XLF
316,2021-03-31,32.6126,XLF
317,2021-02-26,30.8075,XLF
318,2021-01-29,27.6038,XLF
319,2020-12-31,28.1091,XLF
320,2020-11-30,26.4436,XLF
321,2020-10-30,22.6307,XLF
322,2020-09-30,22.8299,XLF
323,2020-08-31,23.6352,XLF
324,2020-07-31,22.6638,XLF
325,2020-06-30,21.8244,XLF
326,2020-05-29,21.9388,XLF
327,2020-04-30,21.3578,XLF
328,2020-03-31,19.5116,XLF
329,2020-02-28,24.6962,XLF
330,2020-01-31,27.8262,XLF
331,2019-12-31,28.5877,XLF
332,2019-11-29,27.8607,XLF
333,2019-10-31,26.5208,XLF
334,2019-09-30,25.8739,XLF
335,2019-08-30,24.7488,XLF
336,2019-07-31,25.9715,XLF
337,2019-06-28,25.3739,XLF
338,2019-05-31,23.7903,XLF
339,2019-04-30,25.6287,XLF
340,2019-03-29,23.5159,XLF
341,2019-02-28,24.1347,XLF
342,2019-01-31,23.6068,XLF
343,2018-12-31,21.6775,XLF
344,2018-11-30,24.3891,XLF
345,2018-10-31,23.7651,XLF
346,2018-09-28,24.9407,XLF
347,2018-08-31,25.5058,XLF
348,2018-07-31,25.1637,XLF
349,2018-06-29,23.9393,XLF
350,2018-05-31,24.3649,XLF
351,2018-04-30,24.6069,XLF
352,2018-03-29,24.7145,XLF
353,2018-02-28,25.7865,XLF
354,2018-01-31,26.5636,XLF
355,2017-12-29,24.929,XLF
356,2017-11-30,24.4678,XLF
357,2017-10-31,23.6498,XLF
358,2017-09-29,22.9919,XLF
359,2017-08-31,21.8694,XLF
360,2017-07-31,22.2147,XLF
361,2017-06-30,21.8429,XLF
362,2017-05-31,20.507,XLF
363,2017-04-28,20.754,XLF
364,2017-03-31,20.9304,XLF
365,2017-02-28,21.5673,XLF
366,2017-01-31,20.4863,XLF
367,2016-12-30,20.4336,XLF
368,2016-11-30,19.6932,XLF
369,2016-10-31,17.2698,XLF
370,2016-09-30,16.8849,XLF
371,2016-08-31,17.3855,XLF
372,2016-07-29,16.7413,XLF
373,2016-06-30,16.1786,XLF
374,2016-05-31,16.7226,XLF
375,2016-04-29,16.4128,XLF
376,2016-03-31,15.8424,XLF
377,2016-02-29,14.7697,XLF
378,2016-01-29,15.2109,XLF
379,2015-12-31,16.6886,XLF
380,2015-11-30,17.0899,XLF
381,2015-10-30,16.7559,XLF
382,2015-09-30,15.7678,XLF
383,2015-08-31,16.2224,XLF
384,2015-07-31,17.4548,XLF
385,2015-06-30,16.8801,XLF
386,2015-05-29,16.957,XLF
387,2015-04-30,16.633,XLF
388,2015-03-31,16.6192,XLF
389,2015-02-27,16.7232,XLF
390,2015-01-30,15.8029,XLF
391,2014-12-31,16.9842,XLF
392,2014-11-28,16.6724,XLF
393,2014-10-31,16.2897,XLF
394,2014-09-30,15.8319,XLF
395,2014-08-29,15.8957,XLF
396,2014-07-31,15.2492,XLF
397,2014-06-30,15.4738,XLF
398,2014-05-30,15.1083,XLF
399,2014-04-30,14.8846,XLF
400,2014-03-31,15.1421,XLF
401,2014-02-28,14.6541,XLF
402,2014-01-31,14.222,XLF
403,2013-12-31,14.7622,XLF
404,2013-11-29,14.438,XLF
405,2013-10-31,13.823,XLF
406,2013-09-30,13.3793,XLF
407,2013-08-30,13.0154,XLF
408,2013-07-31,13.7184,XLF
409,2013-06-28,13.0188,XLF
410,2013-05-31,13.2299,XLF
411,2013-04-30,12.4697,XLF
412,2013-03-28,12.1423,XLF
413,2013-02-28,11.6902,XLF
414,2013-01-31,11.5507,XLF
415,2012-12-31,10.8927,XLF
416,2012-11-30,10.4079,XLF
417,2012-10-31,10.4999,XLF
418,2012-09-28,10.2956,XLF
419,2012-08-31,9.97,XLF
420,2012-07-31,9.6412,XLF
421,2012-06-29,9.6248,XLF
422,2012-05-31,9.1704,XLF
423,2012-04-30,10.0998,XLF
424,2012-03-30,10.3387,XLF
425,2012-02-29,9.6308,XLF
426,2012-01-31,9.1708,XLF
427,2011-12-30,8.4824,XLF
428,2011-11-30,8.3051,XLF
429,2011-10-31,8.7493,XLF
430,2011-09-30,7.6568,XLF
431,2011-08-31,8.641,XLF
432,2011-07-29,9.5548,XLF
433,2011-06-30,9.9133,XLF
434,2011-05-31,10.1935,XLF
435,2011-04-29,10.541,XLF
436,2011-03-31,10.5475,XLF
437,2011-02-28,10.8157,XLF
438,2011-01-31,10.5268,XLF
439,2010-12-31,10.238,XLF
440,2010-11-30,9.2481,XLF
441,2010-10-29,9.3114,XLF
442,2010-09-30,9.1742,XLF
443,2010-08-31,8.6492,XLF
444,2010-07-30,9.3866,XLF
445,2010-06-30,8.8123,XLF
446,2010-05-28,9.3482,XLF
447,2010-04-30,10.2906,XLF
448,2010-03-31,10.1569,XLF
449,2010-02-26,9.3266,XLF
450,2010-01-29,9.0089,XLF
451,2009-12-31,9.1487,XLF
452,2009-11-30,9.2797,XLF
453,2009-10-30,8.8936,XLF
454,2009-09-30,9.4569,XLF
455,2009-08-31,9.2762,XLF
456,2009-07-31,8.2098,XLF
457,2009-06-30,7.5409,XLF
458,2009-05-29,7.6789,XLF
459,2009-04-30,6.7371,XLF
460,2009-03-31,5.5316,XLF
461,2009-02-27,4.7218,XLF
462,2009-01-30,5.7407,XLF
463,2008-12-31,7.7786,XLF
464,2008-11-28,7.7499,XLF
465,2008-10-31,9.4884,XLF
466,2008-09-30,12.1574,XLF
467,2008-08-29,12.9597,XLF
468,2008-07-31,13.1297,XLF
469,2008-06-30,12.298,XLF
470,2008-05-30,14.8955,XLF
471,2008-04-30,16.0085,XLF
472,2008-03-31,14.9617,XLF
473,2008-02-29,15.4232,XLF
474,2008-01-31,17.3996,XLF
475,2007-12-31,17.2742,XLF
476,2007-11-30,18.3464,XLF
477,2007-10-31,19.9621,XLF
478,2007-09-28,20.3113,XLF
479,2007-08-31,19.8276,XLF
480,2007-07-31,19.3282,XLF
481,2007-06-29,21.2551,XLF
482,2007-05-31,22.1451,XLF
483,2007-04-30,21.625,XLF
484,2007-03-30,20.8187,XLF
485,2007-02-28,20.9172,XLF
486,2007-01-31,21.5747,XLF
487,2006-12-29,21.3769,XLF
488,2006-11-30,20.6019,XLF
489,2006-10-31,20.4576,XLF
490,2006-09-29,19.9899,XLF
491,2006-08-31,19.1681,XLF
492,2006-07-31,18.9448,XLF
493,2006-06-30,18.521,XLF
494,2006-05-31,18.6065,XLF
495,2006-04-28,19.3353,XLF
496,2006-03-31,18.5325,XLF
497,2006-02-28,18.4792,XLF
498,2006-01-31,18.0941,XLF
499,2005-12-30,17.9356,XLF
500,2005-11-30,17.9322,XLF
501,2005-10-31,17.1163,XLF
502,2005-09-30,16.6099,XLF
503,2005-08-31,16.4701,XLF
504,2005-07-29,16.7442,XLF
505,2005-06-30,16.4869,XLF
506,2005-05-31,16.2842,XLF
507,2005-04-29,15.817,XLF
508,2005-03-31,15.7892,XLF
509,2005-02-28,16.4134,XLF
510,2005-01-31,16.524,XLF
511,2004-12-31,16.8892,XLF
512,2004-11-30,16.2181,XLF
513,2004-10-29,15.7288,XLF
514,2004-09-30,15.6464,XLF
515,2004-08-31,15.7917,XLF
516,2004-07-30,15.2941,XLF
517,2004-06-30,15.6276,XLF
518,2004-05-28,15.5592,XLF
519,2004-04-30,15.298,XLF
520,2004-03-31,15.9944,XLF
521,2004-02-27,16.1814,XLF
522,2004-01-30,15.732,XLF
523,2003-12-31,15.2337,XLF
524,2003-11-28,14.5728,XLF
525,2003-10-31,14.6267,XLF
526,2003-09-30,13.6792,XLF
527,2003-08-29,13.5589,XLF
528,2003-07-31,13.7196,XLF
529,2003-06-30,13.1466,XLF
530,2003-05-30,13.0912,XLF
531,2003-04-30,12.4569,XLF
532,2003-03-31,11.0657,XLF
533,2003-02-28,11.1712,XLF
534,2003-01-31,11.5268,XLF
535,2002-12-31,11.6754,XLF
536,2002-11-29,12.3456,XLF
537,2002-10-31,11.9025,XLF
538,2002-09-30,10.9053,XLF
539,2002-08-30,12.321,XLF
540,2002-07-31,12.0953,XLF
541,2002-06-28,13.1921,XLF
542,2002-05-31,13.7811,XLF
543,2002-04-30,13.8229,XLF
544,2002-03-28,14.1833,XLF
545,2002-02-28,13.3043,XLF
546,2002-01-31,13.5386,XLF
547,2001-12-31,13.6949,XLF
548,2001-11-30,13.4326,XLF
549,2001-10-31,12.6135,XLF
550,2001-09-28,12.7949,XLF
551,2001-08-31,13.558,XLF
552,2001-07-31,14.518,XLF
553,2001-06-29,14.6573,XLF
554,2001-05-31,14.7632,XLF
555,2001-04-30,14.141,XLF
556,2001-03-30,13.6474,XLF
557,2001-02-28,14.0681,XLF
558,2001-01-31,15.0828,XLF
559,2000-12-29,15.1187,XLF
560,2000-11-30,13.9291,XLF
561,2000-10-31,14.6797,XLF
562,2000-09-29,14.8073,XLF
563,2000-08-31,14.4922,XLF
564,2000-07-31,13.1534,XLF
565,2000-06-30,12.0896,XLF
566,2000-05-31,12.7051,XLF
567,2000-04-28,12.4261,XLF
568,2000-03-31,12.3095,XLF
569,2000-02-29,10.4049,XLF
570,2000-01-31,11.6531,XLF
571,1999-12-31,12.0119,XLF
572,2023-09-11,72.32,XLP
573,2023-08-31,72.76,XLP
574,2023-07-31,75.75,XLP
575,2023-06-30,74.17,XLP
576,2023-05-31,72.1542,XLP
577,2023-04-28,76.8903,XLP
578,2023-03-31,74.1797,XLP
579,2023-02-28,71.1815,XLP
580,2023-01-31,72.8714,XLP
581,2022-12-30,73.6718,XLP
582,2022-11-30,75.7373,XLP
583,2022-10-31,71.371,XLP
584,2022-09-30,65.4741,XLP
585,2022-08-31,71.274,XLP
586,2022-07-29,72.6193,XLP
587,2022-06-30,70.3673,XLP
588,2022-05-31,72.0728,XLP
589,2022-04-29,75.1408,XLP
590,2022-03-31,73.4471,XLP
591,2022-02-28,72.1621,XLP
592,2022-01-31,73.193,XLP
593,2021-12-31,74.2914,XLP
594,2021-11-30,67.2599,XLP
595,2021-10-29,68.1786,XLP
596,2021-09-30,65.8725,XLP
597,2021-08-31,68.7124,XLP
598,2021-07-30,67.9993,XLP
599,2021-06-30,66.5349,XLP
600,2021-05-28,66.9043,XLP
601,2021-04-30,65.7422,XLP
602,2021-03-31,64.5422,XLP
603,2021-02-26,59.4903,XLP
604,2021-01-29,60.2328,XLP
605,2020-12-31,63.3905,XLP
606,2020-11-30,62.3549,XLP
607,2020-10-30,58.0215,XLP
608,2020-09-30,59.7362,XLP
609,2020-08-31,60.7513,XLP
610,2020-07-31,58.0834,XLP
611,2020-06-30,54.3223,XLP
612,2020-05-29,54.4436,XLP
613,2020-04-30,53.552,XLP
614,2020-03-31,50.0683,XLP
615,2020-02-28,52.9907,XLP
616,2020-01-31,57.7332,XLP
617,2019-12-31,57.5505,XLP
618,2019-11-29,56.1981,XLP
619,2019-10-31,55.4367,XLP
620,2019-09-30,55.6723,XLP
621,2019-08-30,54.7133,XLP
622,2019-07-31,53.5509,XLP
623,2019-06-28,52.3255,XLP
624,2019-05-31,49.729,XLP
625,2019-04-30,51.6069,XLP
626,2019-03-29,50.1761,XLP
627,2019-02-28,48.3303,XLP
628,2019-01-31,47.4853,XLP
629,2018-12-31,45.164,XLP
630,2018-11-30,49.5795,XLP
631,2018-10-31,48.4779,XLP
632,2018-09-28,47.5261,XLP
633,2018-08-31,47.0617,XLP
634,2018-07-31,46.8779,XLP
635,2018-06-29,45.0927,XLP
636,2018-05-31,43.1268,XLP
637,2018-04-30,43.8129,XLP
638,2018-03-29,45.7061,XLP
639,2018-02-28,46.1249,XLP
640,2018-01-31,49.9333,XLP
641,2017-12-29,49.1302,XLP
642,2017-11-30,48.0519,XLP
643,2017-10-31,45.5143,XLP
644,2017-09-29,46.2773,XLP
645,2017-08-31,46.611,XLP
646,2017-07-31,47.1307,XLP
647,2017-06-30,46.807,XLP
648,2017-05-31,47.8824,XLP
649,2017-04-28,46.6481,XLP
650,2017-03-31,46.1409,XLP
651,2017-02-28,46.3362,XLP
652,2017-01-31,44.2254,XLP
653,2016-12-30,43.4854,XLP
654,2016-11-30,42.2221,XLP
655,2016-10-31,44.0753,XLP
656,2016-09-30,44.4176,XLP
657,2016-08-31,45.1138,XLP
658,2016-07-29,45.3793,XLP
659,2016-06-30,45.7526,XLP
660,2016-05-31,43.4242,XLP
661,2016-04-29,43.1273,XLP
662,2016-03-31,43.7541,XLP
663,2016-02-29,41.7744,XLP
664,2016-01-29,41.6431,XLP
665,2015-12-31,41.4216,XLP
666,2015-11-30,40.2421,XLP
667,2015-10-30,40.6167,XLP
668,2015-09-30,38.4385,XLP
669,2015-08-31,38.2745,XLP
670,2015-07-31,40.7015,XLP
671,2015-06-30,38.5091,XLP
672,2015-05-29,39.2286,XLP
673,2015-04-30,38.8909,XLP
674,2015-03-31,39.1884,XLP
675,2015-02-27,39.9681,XLP
676,2015-01-30,38.3777,XLP
677,2014-12-31,38.7533,XLP
678,2014-11-28,39.1188,XLP
679,2014-10-31,37.0637,XLP
680,2014-09-30,35.7941,XLP
681,2014-08-29,35.5856,XLP
682,2014-07-31,34.0164,XLP
683,2014-06-30,35.1834,XLP
684,2014-05-30,35.2719,XLP
685,2014-04-30,34.6454,XLP
686,2014-03-31,33.7213,XLP
687,2014-02-28,32.9973,XLP
688,2014-01-31,31.7585,XLP
689,2013-12-31,33.4882,XLP
690,2013-11-29,33.2598,XLP
691,2013-10-31,32.7455,XLP
692,2013-09-30,30.7775,XLP
693,2013-08-30,30.3601,XLP
694,2013-07-31,31.8047,XLP
695,2013-06-28,30.483,XLP
696,2013-05-31,30.5781,XLP
697,2013-04-30,31.2576,XLP
698,2013-03-28,30.3643,XLP
699,2013-02-28,28.9381,XLP
700,2013-01-31,28.0112,XLP
701,2012-12-31,26.5146,XLP
702,2012-11-30,27.0745,XLP
703,2012-10-31,26.5862,XLP
704,2012-09-28,26.9129,XLP
705,2012-08-31,26.4512,XLP
706,2012-07-31,26.578,XLP
707,2012-06-29,25.9365,XLP
708,2012-05-31,25.0264,XLP
709,2012-04-30,25.3227,XLP
710,2012-03-30,25.2486,XLP
711,2012-02-29,24.489,XLP
712,2012-01-31,23.6047,XLP
713,2011-12-30,23.9437,XLP
714,2011-11-30,23.2977,XLP
715,2011-10-31,22.6696,XLP
716,2011-09-30,21.6617,XLP
717,2011-08-31,22.4008,XLP
718,2011-07-29,22.3573,XLP
719,2011-06-30,22.6473,XLP
720,2011-05-31,23.2684,XLP
721,2011-04-29,22.6995,XLP
722,2011-03-31,21.5472,XLP
723,2011-02-28,21.283,XLP
724,2011-01-31,20.6814,XLP
725,2010-12-31,20.9894,XLP
726,2010-11-30,20.1054,XLP
727,2010-10-29,20.4249,XLP
728,2010-09-30,19.7931,XLP
729,2010-08-31,18.6654,XLP
730,2010-07-30,19.0178,XLP
731,2010-06-30,17.9746,XLP
732,2010-05-28,18.4408,XLP
733,2010-04-30,19.3366,XLP
734,2010-03-31,19.5466,XLP
735,2010-02-26,18.8365,XLP
736,2010-01-29,18.2581,XLP
737,2009-12-31,18.4463,XLP
738,2009-11-30,18.5412,XLP
739,2009-10-30,17.8834,XLP
740,2009-09-30,17.6273,XLP
741,2009-08-31,17.0641,XLP
742,2009-07-31,16.8579,XLP
743,2009-06-30,15.806,XLP
744,2009-05-29,15.7734,XLP
745,2009-04-30,15.0093,XLP
746,2009-03-31,14.3953,XLP
747,2009-02-27,13.808,XLP
748,2009-01-30,15.0219,XLP
749,2008-12-31,16.1884,XLP
750,2008-11-28,16.1847,XLP
751,2008-10-31,16.2452,XLP
752,2008-09-30,18.5247,XLP
753,2008-08-29,18.7674,XLP
754,2008-07-31,18.2999,XLP
755,2008-06-30,17.8657,XLP
756,2008-05-30,18.9446,XLP
757,2008-04-30,18.386,XLP
758,2008-03-31,18.5257,XLP
759,2008-02-29,17.9452,XLP
760,2008-01-31,17.9915,XLP
761,2007-12-31,19.0498,XLP
762,2007-11-30,19.2114,XLP
763,2007-10-31,18.698,XLP
764,2007-09-28,18.415,XLP
765,2007-08-31,17.6063,XLP
766,2007-07-31,17.2005,XLP
767,2007-06-29,17.7045,XLP
768,2007-05-31,18.0645,XLP
769,2007-04-30,17.8238,XLP
770,2007-03-30,17.336,XLP
771,2007-02-28,17.0236,XLP
772,2007-01-31,17.2501,XLP
773,2006-12-29,16.9459,XLP
774,2006-11-30,16.4935,XLP
775,2006-10-31,16.6352,XLP
776,2006-09-29,16.3454,XLP
777,2006-08-31,16.3513,XLP
778,2006-07-31,15.7426,XLP
779,2006-06-30,15.4992,XLP
780,2006-05-31,15.2194,XLP
781,2006-04-28,15.1875,XLP
782,2006-03-31,15.041,XLP
783,2006-02-28,14.9178,XLP
784,2006-01-31,14.791,XLP
785,2005-12-30,14.7656,XLP
786,2005-11-30,14.7481,XLP
787,2005-10-31,14.6156,XLP
788,2005-09-30,14.685,XLP
789,2005-08-31,14.4807,XLP
790,2005-07-29,14.7381,XLP
791,2005-06-30,14.2798,XLP
792,2005-05-31,14.5612,XLP
793,2005-04-29,14.2301,XLP
794,2005-03-31,14.38,XLP
795,2005-02-28,14.5073,XLP
796,2005-01-31,14.5259,XLP
797,2004-12-31,14.358,XLP
798,2004-11-30,13.8398,XLP
799,2004-10-29,13.5053,XLP
800,2004-09-30,13.4186,XLP
801,2004-08-31,13.7819,XLP
802,2004-07-30,13.5413,XLP
803,2004-06-30,14.2445,XLP
804,2004-05-28,14.167,XLP
805,2004-04-30,14.2469,XLP
806,2004-03-31,14.0625,XLP
807,2004-02-27,14.0976,XLP
808,2004-01-30,13.3382,XLP
809,2003-12-31,13.3382,XLP
810,2003-11-28,13.1051,XLP
811,2003-10-31,12.9526,XLP
812,2003-09-30,12.3916,XLP
813,2003-08-29,12.4402,XLP
814,2003-07-31,12.2336,XLP
815,2003-06-30,12.2518,XLP
816,2003-05-30,12.1362,XLP
817,2003-04-30,11.5675,XLP
818,2003-03-31,11.2347,XLP
819,2003-02-28,11.2349,XLP
820,2003-01-31,11.5899,XLP
821,2002-12-31,11.9991,XLP
822,2002-11-29,11.9662,XLP
823,2002-10-31,12.3074,XLP
824,2002-09-30,11.8465,XLP
825,2002-08-30,12.7695,XLP
826,2002-07-31,12.6684,XLP
827,2002-06-28,13.2335,XLP
828,2002-05-31,14.7336,XLP
829,2002-04-30,14.8996,XLP
830,2002-03-28,15.4747,XLP
831,2002-02-28,15.2301,XLP
832,2002-01-31,14.9168,XLP
833,2001-12-31,15.0173,XLP
834,2001-11-30,15.3185,XLP
835,2001-10-31,14.6704,XLP
836,2001-09-28,14.7647,XLP
837,2001-08-31,14.7809,XLP
838,2001-07-31,14.7104,XLP
839,2001-06-29,14.2758,XLP
840,2001-05-31,14.9681,XLP
841,2001-04-30,14.7515,XLP
842,2001-03-30,14.4705,XLP
843,2001-02-28,15.5481,XLP
844,2001-01-31,15.4547,XLP
845,2000-12-29,16.6687,XLP
846,2000-11-30,16.084,XLP
847,2000-10-31,15.5487,XLP
848,2000-09-29,14.5361,XLP
849,2000-08-31,13.9243,XLP
850,2000-07-31,14.0924,XLP
851,2000-06-30,14.6257,XLP
852,2000-05-31,13.8455,XLP
853,2000-04-28,12.9202,XLP
854,2000-03-31,12.2724,XLP
855,2000-02-29,11.8293,XLP
856,2000-01-31,13.3915,XLP
857,1999-12-31,13.2762,XLP
858,2023-09-11,67.97,XLC
859,2023-08-31,67.73,XLC
860,2023-07-31,68.79,XLC
861,2023-06-30,65.08,XLC
862,2023-05-31,62.1387,XLC
863,2023-04-28,59.8025,XLC
864,2023-03-31,57.8757,XLC
865,2023-02-28,53.2684,XLC
866,2023-01-31,54.8415,XLC
867,2022-12-30,47.7822,XLC
868,2022-11-30,51.1584,XLC
869,2022-10-31,47.8809,XLC
870,2022-09-30,47.5631,XLC
871,2022-08-31,53.896,XLC
872,2022-07-29,55.8683,XLC
873,2022-06-30,53.787,XLC
874,2022-05-31,59.5015,XLC
875,2022-04-29,58.3941,XLC
876,2022-03-31,68.0045,XLC
877,2022-02-28,67.5053,XLC
878,2022-01-31,72.9294,XLC
879,2021-12-31,76.6079,XLC
880,2021-11-30,74.1765,XLC
881,2021-10-29,79.0284,XLC
882,2021-09-30,78.8414,XLC
883,2021-08-31,84.1176,XLC
884,2021-07-30,80.9541,XLC
885,2021-06-30,79.5492,XLC
886,2021-05-28,77.2704,XLC
887,2021-04-30,76.5447,XLC
888,2021-03-31,71.9059,XLC
889,2021-02-26,70.067,XLC
890,2021-01-29,65.4755,XLC
891,2020-12-31,66.0629,XLC
892,2020-11-30,63.9236,XLC
893,2020-10-30,57.8636,XLC
894,2020-09-30,58.059,XLC
895,2020-08-31,61.6999,XLC
896,2020-07-31,56.6964,XLC
897,2020-06-30,52.7073,XLC
898,2020-05-29,52.5821,XLC
899,2020-04-30,48.9417,XLC
900,2020-03-31,43.0624,XLC
901,2020-02-28,49.2708,XLC
902,2020-01-31,52.3284,XLC
903,2019-12-31,52.0566,XLC
904,2019-11-29,50.9076,XLC
905,2019-10-31,49.0286,XLC
906,2019-09-30,47.9631,XLC
907,2019-08-30,47.8602,XLC
908,2019-07-31,49.068,XLC
909,2019-06-28,47.5606,XLC
910,2019-05-31,45.3944,XLC
911,2019-04-30,48.2671,XLC
912,2019-03-29,45.086,XLC
913,2019-02-28,44.1882,XLC
914,2019-01-31,44.3903,XLC
915,2018-12-31,39.7232,XLC
916,2018-11-30,43.167,XLC
917,2018-10-31,44.1548,XLC
918,2018-09-28,46.9936,XLC
919,2018-08-31,47.0387,XLC
920,2018-07-31,46.35,XLC
921,2023-09-11,82.15,XLB
922,2023-08-31,82.89,XLB
923,2023-07-31,85.72,XLB
924,2023-06-30,82.87,XLB
925,2023-05-31,74.6491,XLB
926,2023-04-28,80.1517,XLB
927,2023-03-31,80.2612,XLB
928,2023-02-28,81.0796,XLB
929,2023-01-31,83.8737,XLB
930,2022-12-30,76.9676,XLB
931,2022-11-30,81.4565,XLB
932,2022-10-31,72.922,XLB
933,2022-09-30,66.9469,XLB
934,2022-08-31,73.8206,XLB
935,2022-07-29,76.4833,XLB
936,2022-06-30,72.0488,XLB
937,2022-05-31,83.6469,XLB
938,2022-04-29,82.6746,XLB
939,2022-03-31,85.7082,XLB
940,2022-02-28,80.7691,XLB
941,2022-01-31,81.8056,XLB
942,2021-12-31,87.7727,XLB
943,2021-11-30,81.5787,XLB
944,2021-10-29,82.0317,XLB
945,2021-09-30,76.2397,XLB
946,2021-08-31,82.1381,XLB
947,2021-07-30,80.6126,XLB
948,2021-06-30,78.972,XLB
949,2021-05-28,83.367,XLB
950,2021-04-30,79.3353,XLB
951,2021-03-31,75.2845,XLB
952,2021-02-26,69.9738,XLB
953,2021-01-29,67.2053,XLB
954,2020-12-31,68.8702,XLB
955,2020-11-30,67.2004,XLB
956,2020-10-30,59.8074,XLB
957,2020-09-30,60.2428,XLB
958,2020-08-31,59.3388,XLB
959,2020-07-31,56.8612,XLB
960,2020-06-30,53.0836,XLB
961,2020-05-29,51.9515,XLB
962,2020-04-30,48.6067,XLB
963,2020-03-31,42.1983,XLB
964,2020-02-28,49.0485,XLB
965,2020-01-31,53.6165,XLB
966,2019-12-31,57.1426,XLB
967,2019-11-29,55.5539,XLB
968,2019-10-31,53.8421,XLB
969,2019-09-30,53.8514,XLB
970,2019-08-30,52.1909,XLB
971,2019-07-31,53.71,XLB
972,2019-06-28,53.8573,XLB
973,2019-05-31,48.2739,XLB
974,2019-04-30,52.5751,XLB
975,2019-03-29,50.7905,XLB
976,2019-02-28,50.1622,XLB
977,2019-01-31,48.6132,XLB
978,2018-12-31,46.0344,XLB
979,2018-11-30,49.4372,XLB
980,2018-10-31,47.6266,XLB
981,2018-09-28,52.4427,XLB
982,2018-08-31,53.4011,XLB
983,2018-07-31,53.8156,XLB
984,2018-06-29,52.32,XLB
985,2018-05-31,52.1747,XLB
986,2018-04-30,51.1254,XLB
987,2018-03-29,51.0626,XLB
988,2018-02-28,53.2715,XLB
989,2018-01-31,56.2374,XLB
990,2017-12-29,54.0755,XLB
991,2017-11-30,52.9509,XLB
992,2017-10-31,52.453,XLB
993,2017-09-29,50.4972,XLB
994,2017-08-31,48.6969,XLB
995,2017-07-31,48.3167,XLB
996,2017-06-30,47.5828,XLB
997,2017-05-31,46.719,XLB
998,2017-04-28,46.7102,XLB
999,2017-03-31,46.1292,XLB
1000,2017-02-28,45.8448,XLB
1001,2017-01-31,45.5903,XLB
1002,2016-12-30,43.6074,XLB
1003,2016-11-30,43.5295,XLB
1004,2016-10-31,40.749,XLB
1005,2016-09-30,41.6206,XLB
1006,2016-08-31,42.1085,XLB
1007,2016-07-29,42.2212,XLB
1008,2016-06-30,40.1835,XLB
1009,2016-05-31,40.5018,XLB
1010,2016-04-29,40.6399,XLB
1011,2016-03-31,38.664,XLB
1012,2016-02-29,35.9423,XLB
1013,2016-01-29,33.3369,XLB
1014,2015-12-31,37.3353,XLB
1015,2015-11-30,39.0252,XLB
1016,2015-10-30,38.6412,XLB
1017,2015-09-30,34.0926,XLB
1018,2015-08-31,36.7937,XLB
1019,2015-07-31,38.9915,XLB
1020,2015-06-30,41.062,XLB
1021,2015-05-29,42.7494,XLB
1022,2015-04-30,42.5889,XLB
1023,2015-03-31,41.2036,XLB
1024,2015-02-27,43.3301,XLB
1025,2015-01-30,40.1323,XLB
1026,2014-12-31,40.8812,XLB
1027,2014-11-28,41.1137,XLB
1028,2014-10-31,40.4781,XLB
1029,2014-09-30,41.4734,XLB
1030,2014-08-29,42.0644,XLB
1031,2014-07-31,40.4994,XLB
1032,2014-06-30,41.3236,XLB
1033,2014-05-30,40.6678,XLB
1034,2014-04-30,39.4995,XLB
1035,2014-03-31,39.1763,XLB
1036,2014-02-28,38.8551,XLB
1037,2014-01-31,36.3462,XLB
1038,2013-12-31,38.1453,XLB
1039,2013-11-29,36.3656,XLB
1040,2013-10-31,35.8981,XLB
1041,2013-09-30,34.4546,XLB
1042,2013-08-30,32.9912,XLB
1043,2013-07-31,33.032,XLB
1044,2013-06-28,31.2898,XLB
1045,2013-05-31,32.6346,XLB
1046,2013-04-30,32.0273,XLB
1047,2013-03-28,31.7276,XLB
1048,2013-02-28,31.0411,XLB
1049,2013-01-31,31.4685,XLB
1050,2012-12-31,30.2749,XLB
1051,2012-11-30,29.3362,XLB
1052,2012-10-31,28.8008,XLB
1053,2012-09-28,29.4161,XLB
1054,2012-08-31,28.3476,XLB
1055,2012-07-31,27.7036,XLB
1056,2012-06-29,28.0614,XLB
1057,2012-05-31,26.749,XLB
1058,2012-04-30,29.0031,XLB
1059,2012-03-30,29.2404,XLB
1060,2012-02-29,29.1295,XLB
1061,2012-01-31,29.2949,XLB
1062,2011-12-30,26.3954,XLB
1063,2011-11-30,27.0122,XLB
1064,2011-10-31,26.9574,XLB
1065,2011-09-30,22.9705,XLB
1066,2011-08-31,27.5077,XLB
1067,2011-07-29,29.586,XLB
1068,2011-06-30,30.6446,XLB
1069,2011-05-31,30.768,XLB
1070,2011-04-29,31.6349,XLB
1071,2011-03-31,30.977,XLB
1072,2011-02-28,30.4438,XLB
1073,2011-01-31,29.6568,XLB
1074,2010-12-31,29.6337,XLB
1075,2010-11-30,26.9321,XLB
1076,2010-10-29,26.6337,XLB
1077,2010-09-30,25.0877,XLB
1078,2010-08-31,23.2821,XLB
1079,2010-07-30,24.0097,XLB
1080,2010-06-30,21.2794,XLB
1081,2010-05-28,22.9635,XLB
1082,2010-04-30,25.3831,XLB
1083,2010-03-31,25.3308,XLB
1084,2010-02-26,23.4722,XLB
1085,2010-01-29,22.4588,XLB
1086,2009-12-31,24.5824,XLB
1087,2009-11-30,24.084,XLB
1088,2009-10-30,21.7423,XLB
1089,2009-09-30,22.928,XLB
1090,2009-08-31,21.9994,XLB
1091,2009-07-31,21.4902,XLB
1092,2009-06-30,19.0401,XLB
1093,2009-05-29,19.9448,XLB
1094,2009-04-30,18.8437,XLB
1095,2009-03-31,16.3038,XLB
1096,2009-02-27,14.1318,XLB
1097,2009-01-30,15.3648,XLB
1098,2008-12-31,16.5905,XLB
1099,2008-11-28,16.6826,XLB
1100,2008-10-31,18.6787,XLB
1101,2008-09-30,23.961,XLB
1102,2008-08-29,28.3808,XLB
1103,2008-07-31,28.9398,XLB
1104,2008-06-30,29.9073,XLB
1105,2008-05-30,31.7512,XLB
1106,2008-04-30,30.1818,XLB
1107,2008-03-31,28.6552,XLB
1108,2008-02-29,29.0635,XLB
1109,2008-01-31,28.4093,XLB
1110,2007-12-31,29.6537,XLB
1111,2007-11-30,29.3447,XLB
1112,2007-10-31,30.9018,XLB
1113,2007-09-28,29.6688,XLB
1114,2007-08-31,27.4577,XLB
1115,2007-07-31,27.6471,XLB
1116,2007-06-29,28.4046,XLB
1117,2007-05-31,28.5577,XLB
1118,2007-04-30,26.9657,XLB
1119,2007-03-30,26.5677,XLB
1120,2007-02-28,26.1153,XLB
1121,2007-01-31,25.2785,XLB
1122,2006-12-29,24.3231,XLB
1123,2006-11-30,24.1449,XLB
1124,2006-10-31,23.1377,XLB
1125,2006-09-29,21.827,XLB
1126,2006-08-31,21.6911,XLB
1127,2006-07-31,21.0573,XLB
1128,2006-06-30,21.8751,XLB
1129,2006-05-31,21.7622,XLB
1130,2006-04-28,22.676,XLB
1131,2006-03-31,21.8976,XLB
1132,2006-02-28,20.9216,XLB
1133,2006-01-31,21.3796,XLB
1134,2005-12-30,20.3962,XLB
1135,2005-11-30,19.8283,XLB
1136,2005-10-31,18.4182,XLB
1137,2005-09-30,18.3781,XLB
1138,2005-08-31,18.2384,XLB
1139,2005-07-29,19.036,XLB
1140,2005-06-30,18.039,XLB
1141,2005-05-31,18.4077,XLB
1142,2005-04-29,18.5268,XLB
1143,2005-03-31,19.9488,XLB
1144,2005-02-28,20.4934,XLB
1145,2005-01-31,18.9971,XLB
1146,2004-12-31,19.5969,XLB
1147,2004-11-30,19.3382,XLB
1148,2004-10-29,17.8834,XLB
1149,2004-09-30,18.0538,XLB
1150,2004-08-31,17.3562,XLB
1151,2004-07-30,17.0692,XLB
1152,2004-06-30,17.4671,XLB
1153,2004-05-28,16.6334,XLB
1154,2004-04-30,16.1789,XLB
1155,2004-03-31,16.9645,XLB
1156,2004-02-27,17.3649,XLB
1157,2004-01-30,16.5044,XLB
1158,2003-12-31,17.2678,XLB
1159,2003-11-28,15.7263,XLB
1160,2003-10-31,15.3789,XLB
1161,2003-09-30,14.0411,XLB
1162,2003-08-29,14.704,XLB
1163,2003-07-31,14.3073,XLB
1164,2003-06-30,13.2643,XLB
1165,2003-05-30,13.1455,XLB
1166,2003-04-30,12.751,XLB
1167,2003-03-31,11.6947,XLB
1168,2003-02-28,11.625,XLB
1169,2003-01-31,11.9418,XLB
1170,2002-12-31,12.569,XLB
1171,2002-11-29,13.1739,XLB
1172,2002-10-31,11.7591,XLB
1173,2002-09-30,11.124,XLB
1174,2002-08-30,12.7847,XLB
1175,2002-07-31,12.8535,XLB
1176,2002-06-28,14.4977,XLB
1177,2002-05-31,14.7483,XLB
1178,2002-04-30,14.0516,XLB
1179,2002-03-28,14.7483,XLB
1180,2002-02-28,14.3086,XLB
1181,2002-01-31,13.5895,XLB
1182,2001-12-31,13.2795,XLB
1183,2001-11-30,13.6891,XLB
1184,2001-10-31,12.1489,XLB
1185,2001-09-28,11.8286,XLB
1186,2001-08-31,13.4169,XLB
1187,2001-07-31,13.472,XLB
1188,2001-06-29,13.5088,XLB
1189,2001-05-31,13.9915,XLB
1190,2001-04-30,13.4733,XLB
1191,2001-03-30,12.1747,XLB
1192,2001-02-28,12.816,XLB
1193,2001-01-31,12.6522,XLB
1194,2000-12-29,12.9981,XLB
1195,2000-11-30,11.3306,XLB
1196,2000-10-31,11.6246,XLB
1197,2000-09-29,10.6838,XLB
1198,2000-08-31,11.8477,XLB
1199,2000-07-31,11.5789,XLB
1200,2000-06-30,11.4795,XLB
1201,2000-05-31,12.555,XLB
1202,2000-04-28,12.9622,XLB
1203,2000-03-31,13.4102,XLB
1204,2000-02-29,12.1758,XLB
1205,2000-01-31,13.5396,XLB
1206,1999-12-31,15.4258,XLB
1207,2023-09-11,63.44,XLU
1208,2023-08-31,62.96,XLU
1209,2023-07-31,67.07,XLU
1210,2023-06-30,65.44,XLU
1211,2023-05-31,64.4062,XLU
1212,2023-04-28,68.4235,XLU
1213,2023-03-31,67.1439,XLU
1214,2023-02-28,64.0078,XLU
1215,2023-01-31,68.0353,XLU
1216,2022-12-30,69.4238,XLU
1217,2022-11-30,69.7662,XLU
1218,2022-10-31,65.2246,XLU
1219,2022-09-30,63.9841,XLU
1220,2022-08-31,72.126,XLU
1221,2022-07-29,71.7476,XLU
1222,2022-06-30,68.0414,XLU
1223,2022-05-31,71.554,XLU
1224,2022-04-29,68.5986,XLU
1225,2022-03-31,71.6791,XLU
1226,2022-02-28,64.9623,XLU
1227,2022-01-31,66.2246,XLU
1228,2021-12-31,68.4528,XLU
1229,2021-11-30,62.407,XLU
1230,2021-10-29,63.4887,XLU
1231,2021-09-30,60.6136,XLU
1232,2021-08-31,64.5455,XLU
1233,2021-07-30,62.1253,XLU
1234,2021-06-30,59.545,XLU
1235,2021-05-28,60.8953,XLU
1236,2021-04-30,62.3532,XLU
1237,2021-03-31,59.8486,XLU
1238,2021-02-26,54.1357,XLU
1239,2021-01-29,57.6514,XLU
1240,2020-12-31,58.1616,XLU
1241,2020-11-30,57.7972,XLU
1242,2020-10-30,57.3742,XLU
1243,2020-09-30,54.6149,XLU
1244,2020-08-31,54.0281,XLU
1245,2020-07-31,55.4689,XLU
1246,2020-06-30,51.4567,XLU
1247,2020-05-29,53.9832,XLU
1248,2020-04-30,51.7856,XLU
1249,2020-03-31,50.1124,XLU
1250,2020-02-28,55.6482,XLU
1251,2020-01-31,61.7338,XLU
1252,2019-12-31,57.8318,XLU
1253,2019-11-29,55.9925,XLU
1254,2019-10-31,57.0581,XLU
1255,2019-09-30,57.4933,XLU
1256,2019-08-30,55.1501,XLU
1257,2019-07-31,52.4799,XLU
1258,2019-06-28,52.5504,XLU
1259,2019-05-31,50.9288,XLU
1260,2019-04-30,51.331,XLU
1261,2019-03-29,50.8588,XLU
1262,2019-02-28,49.4788,XLU
1263,2019-01-31,47.5261,XLU
1264,2018-12-31,45.9291,XLU
1265,2018-11-30,47.8384,XLU
1266,2018-10-31,46.2033,XLU
1267,2018-09-28,45.3083,XLU
1268,2018-08-31,45.6058,XLU
1269,2018-07-31,45.0258,XLU
1270,2018-06-29,44.3179,XLU
1271,2018-05-31,43.1073,XLU
1272,2018-04-30,43.5891,XLU
1273,2018-03-29,42.7184,XLU
1274,2018-02-28,41.1589,XLU
1275,2018-01-31,42.82,XLU
1276,2017-12-29,44.1959,XLU
1277,2017-11-30,47.0475,XLU
1278,2017-10-31,45.8173,XLU
1279,2017-09-29,44.0966,XLU
1280,2017-08-31,45.347,XLU
1281,2017-07-31,43.9033,XLU
1282,2017-06-30,42.8639,XLU
1283,2017-05-31,44.0591,XLU
1284,2017-04-28,42.3079,XLU
1285,2017-03-31,41.9887,XLU
1286,2017-02-28,42.0474,XLU
1287,2017-01-31,39.9438,XLU
1288,2016-12-30,39.4483,XLU
1289,2016-11-30,37.6103,XLU
1290,2016-10-31,39.7664,XLU
1291,2016-09-30,39.4124,XLU
1292,2016-08-31,39.2737,XLU
1293,2016-07-29,41.5792,XLU
1294,2016-06-30,41.8585,XLU
1295,2016-05-31,38.8932,XLU
1296,2016-04-29,38.3155,XLU
1297,2016-03-31,39.2651,XLU
1298,2016-02-29,36.3631,XLU
1299,2016-01-29,35.672,XLU
1300,2015-12-31,33.9913,XLU
1301,2015-11-30,33.2814,XLU
1302,2015-10-30,34.0043,XLU
1303,2015-09-30,33.6467,XLU
1304,2015-08-31,32.6913,XLU
1305,2015-07-31,33.8693,XLU
1306,2015-06-30,31.9213,XLU
1307,2015-05-29,33.9504,XLU
1308,2015-04-30,33.7368,XLU
1309,2015-03-31,33.897,XLU
1310,2015-02-27,34.2402,XLU
1311,2015-01-30,36.5794,XLU
1312,2014-12-31,35.7467,XLU
1313,2014-11-28,34.5161,XLU
1314,2014-10-31,34.1184,XLU
1315,2014-09-30,31.5822,XLU
1316,2014-08-29,32.1873,XLU
1317,2014-07-31,30.6776,XLU
1318,2014-06-30,32.9161,XLU
1319,2014-05-30,31.5147,XLU
1320,2014-04-30,31.8612,XLU
1321,2014-03-31,30.5708,XLU
1322,2014-02-28,29.5815,XLU
1323,2014-01-31,28.5943,XLU
1324,2013-12-31,27.7679,XLU
1325,2013-11-29,27.5204,XLU
1326,2013-10-31,28.0631,XLU
1327,2013-09-30,27.042,XLU
1328,2013-08-30,26.7318,XLU
1329,2013-07-31,28.1365,XLU
1330,2013-06-28,26.9683,XLU
1331,2013-05-31,26.7331,XLU
1332,2013-04-30,29.3936,XLU
1333,2013-03-28,27.7406,XLU
1334,2013-02-28,26.3286,XLU
1335,2013-01-31,25.7307,XLU
1336,2012-12-31,24.5634,XLU
1337,2012-11-30,24.566,XLU
1338,2012-10-31,25.6616,XLU
1339,2012-09-28,25.3102,XLU
1340,2012-08-31,25.0176,XLU
1341,2012-07-31,26.0982,XLU
1342,2012-06-29,25.4581,XLU
1343,2012-05-31,24.4536,XLU
1344,2012-04-30,24.3172,XLU
1345,2012-03-30,23.8979,XLU
1346,2012-02-29,23.574,XLU
1347,2012-01-31,23.4321,XLU
1348,2011-12-30,24.3104,XLU
1349,2011-11-30,23.5259,XLU
1350,2011-10-31,23.2853,XLU
1351,2011-09-30,22.4635,XLU
1352,2011-08-31,22.4174,XLU
1353,2011-07-29,21.9412,XLU
1354,2011-06-30,22.1462,XLU
1355,2011-05-31,22.1794,XLU
1356,2011-04-29,21.7144,XLU
1357,2011-03-31,20.8697,XLU
1358,2011-02-28,20.8229,XLU
1359,2011-01-31,20.57,XLU
1360,2010-12-31,20.3235,XLU
1361,2010-11-30,19.713,XLU
1362,2010-10-29,20.3282,XLU
1363,2010-09-30,20.1103,XLU
1364,2010-08-31,19.5441,XLU
1365,2010-07-30,19.265,XLU
1366,2010-06-30,17.9265,XLU
1367,2010-05-28,18.0537,XLU
1368,2010-04-30,19.1083,XLU
1369,2010-03-31,18.6186,XLU
1370,2010-02-26,18.1309,XLU
1371,2010-01-29,18.3735,XLU
1372,2009-12-31,19.3006,XLU
1373,2009-11-30,18.3012,XLU
1374,2009-10-30,17.4587,XLU
1375,2009-09-30,18.0368,XLU
1376,2009-08-31,17.7922,XLU
1377,2009-07-31,17.6157,XLU
1378,2009-06-30,16.9765,XLU
1379,2009-05-29,16.109,XLU
1380,2009-04-30,15.5554,XLU
1381,2009-03-31,15.3748,XLU
1382,2009-02-27,15.0868,XLU
1383,2009-01-30,17.2472,XLU
1384,2008-12-31,17.2769,XLU
1385,2008-11-28,17.7032,XLU
1386,2008-10-31,17.2036,XLU
1387,2008-09-30,19.4429,XLU
1388,2008-08-29,21.9803,XLU
1389,2008-07-31,22.1901,XLU
1390,2008-06-30,23.7168,XLU
1391,2008-05-30,23.893,XLU
1392,2008-04-30,23.0659,XLU
1393,2008-03-31,21.9439,XLU
1394,2008-02-29,21.5967,XLU
1395,2008-01-31,22.5212,XLU
1396,2007-12-31,24.3071,XLU
1397,2007-11-30,24.3515,XLU
1398,2007-10-31,24.1919,XLU
1399,2007-09-28,22.6817,XLU
1400,2007-08-31,21.8437,XLU
1401,2007-07-31,21.5042,XLU
1402,2007-06-29,22.3983,XLU
1403,2007-05-31,23.517,XLU
1404,2007-04-30,23.4102,XLU
1405,2007-03-30,22.3142,XLU
1406,2007-02-28,21.4949,XLU
1407,2007-01-31,20.4551,XLU
1408,2006-12-29,20.5278,XLU
1409,2006-11-30,20.3537,XLU
1410,2006-10-31,19.8274,XLU
1411,2006-09-29,18.8302,XLU
1412,2006-08-31,19.0721,XLU
1413,2006-07-31,18.562,XLU
1414,2006-06-30,17.7118,XLU
1415,2006-05-31,17.3142,XLU
1416,2006-04-28,17.0368,XLU
1417,2006-03-31,16.7703,XLU
1418,2006-02-28,17.5842,XLU
1419,2006-01-31,17.3574,XLU
1420,2005-12-30,16.9471,XLU
1421,2005-11-30,16.8026,XLU
1422,2005-10-31,16.8293,XLU
1423,2005-09-30,17.9798,XLU
1424,2005-08-31,17.2516,XLU
1425,2005-07-29,17.1401,XLU
1426,2005-06-30,16.7629,XLU
1427,2005-05-31,15.8225,XLU
1428,2005-04-29,15.8331,XLU
1429,2005-03-31,15.3589,XLU
1430,2005-02-28,15.1907,XLU
1431,2005-01-31,14.8717,XLU
1432,2004-12-31,14.5632,XLU
1433,2004-11-30,14.2133,XLU
1434,2004-10-29,13.6073,XLU
1435,2004-09-30,12.9754,XLU
1436,2004-08-31,12.8941,XLU
1437,2004-07-30,12.3907,XLU
1438,2004-06-30,12.2057,XLU
1439,2004-05-28,11.9985,XLU
1440,2004-04-30,11.8559,XLU
1441,2004-03-31,12.3855,XLU
1442,2004-02-27,12.2541,XLU
1443,2004-01-30,12.0268,XLU
1444,2003-12-31,11.7843,XLU
1445,2003-11-28,11.06,XLU
1446,2003-10-31,11.035,XLU
1447,2003-09-30,10.96,XLU
1448,2003-08-29,10.4412,XLU
1449,2003-07-31,10.2378,XLU
1450,2003-06-30,10.9719,XLU
1451,2003-05-30,10.8244,XLU
1452,2003-04-30,9.831,XLU
1453,2003-03-31,9.0491,XLU
1454,2003-02-28,8.6144,XLU
1455,2003-01-31,9.1011,XLU
1456,2002-12-31,9.3201,XLU
1457,2002-11-29,9.0285,XLU
1458,2002-10-31,8.7736,XLU
1459,2002-09-30,8.9804,XLU
1460,2002-08-30,10.2141,XLU
1461,2002-07-31,9.8245,XLU
1462,2002-06-28,11.5205,XLU
1463,2002-05-31,12.3518,XLU
1464,2002-04-30,12.4553,XLU
1465,2002-03-28,13.2599,XLU
1466,2002-02-28,12.5896,XLU
1467,2002-01-31,12.613,XLU
1468,2001-12-31,13.0844,XLU
1469,2001-11-30,12.6775,XLU
1470,2001-10-31,12.8397,XLU
1471,2001-09-28,13.553,XLU
1472,2001-08-31,13.6805,XLU
1473,2001-07-31,14.186,XLU
1474,2001-06-29,14.3147,XLU
1475,2001-05-31,15.0715,XLU
1476,2001-04-30,14.9665,XLU
1477,2001-03-30,14.2775,XLU
1478,2001-02-28,14.4845,XLU
1479,2001-01-31,14.19,XLU
1480,2000-12-29,15.0372,XLU
1481,2000-11-30,15.1295,XLU
1482,2000-10-31,15.1383,XLU
1483,2000-09-29,14.3052,XLU
1484,2000-08-31,12.6368,XLU
1485,2000-07-31,12.1621,XLU
1486,2000-06-30,11.9775,XLU
1487,2000-05-31,12.3966,XLU
1488,2000-04-28,12.4228,XLU
1489,2000-03-31,11.6595,XLU
1490,2000-02-29,10.5131,XLU
1491,2000-01-31,11.968,XLU
1492,1999-12-31,12.1845,XLU
1493,2023-09-11,132.97,XLV
1494,2023-08-31,133.21,XLV
1495,2023-07-31,134.15,XLV
1496,2023-06-30,132.73,XLV
1497,2023-05-31,127.3049,XLV
1498,2023-04-28,132.9815,XLV
1499,2023-03-31,128.9282,XLV
1500,2023-02-28,126.1616,XLV
1501,2023-01-31,132.3025,XLV
1502,2022-12-30,134.7728,XLV
1503,2022-11-30,137.3496,XLV
1504,2022-10-31,131.1549,XLV
1505,2022-09-30,119.6548,XLV
1506,2022-08-31,122.7691,XLV
1507,2022-07-29,130.2872,XLV
1508,2022-06-30,126.1936,XLV
1509,2022-05-31,129.5869,XLV
1510,2022-04-29,127.6857,XLV
1511,2022-03-31,134.2518,XLV
1512,2022-02-28,126.9656,XLV
1513,2022-01-31,128.2063,XLV
1514,2021-12-31,137.6438,XLV
1515,2021-11-30,126.2532,XLV
1516,2021-10-29,130.2336,XLV
1517,2021-09-30,123.8883,XLV
1518,2021-08-31,131.1199,XLV
1519,2021-07-30,128.1525,XLV
1520,2021-06-30,122.14,XLV
1521,2021-05-28,119.4008,XLV
1522,2021-04-30,117.208,XLV
1523,2021-03-31,112.7739,XLV
1524,2021-02-26,108.4117,XLV
1525,2021-01-29,110.7415,XLV
1526,2020-12-31,109.2107,XLV
1527,2020-11-30,105.2102,XLV
1528,2020-10-30,97.4637,XLV
1529,2020-09-30,101.126,XLV
1530,2020-08-31,103.3721,XLV
1531,2020-07-31,100.7654,XLV
1532,2020-06-30,95.5519,XLV
1533,2020-05-29,97.9429,XLV
1534,2020-04-30,94.8242,XLV
1535,2020-03-31,84.2227,XLV
1536,2020-02-28,87.606,XLV
1537,2020-01-31,93.7831,XLV
1538,2019-12-31,96.3562,XLV
1539,2019-11-29,93.119,XLV
1540,2019-10-31,88.6826,XLV
1541,2019-09-30,84.3584,XLV
1542,2019-08-30,84.45,XLV
1543,2019-07-31,84.9533,XLV
1544,2019-06-28,86.3515,XLV
1545,2019-05-31,81.011,XLV
1546,2019-04-30,82.8488,XLV
1547,2019-03-29,85.1599,XLV
1548,2019-02-28,84.753,XLV
1549,2019-01-31,83.8468,XLV
1550,2018-12-31,79.9998,XLV
1551,2018-11-30,88.2504,XLV
1552,2018-10-31,81.6503,XLV
1553,2018-09-28,87.5876,XLV
1554,2018-08-31,85.0747,XLV
1555,2018-07-31,81.5444,XLV
1556,2018-06-29,76.5287,XLV
1557,2018-05-31,75.2875,XLV
1558,2018-04-30,75.1505,XLV
1559,2018-03-29,74.3648,XLV
1560,2018-02-28,76.5992,XLV
1561,2018-01-31,80.2043,XLV
1562,2017-12-29,75.27,XLV
1563,2017-11-30,75.6904,XLV
1564,2017-10-31,73.5503,XLV
1565,2017-09-29,74.1125,XLV
1566,2017-08-31,73.4425,XLV
1567,2017-07-31,72.1777,XLV
1568,2017-06-30,71.5904,XLV
1569,2017-05-31,68.4642,XLV
1570,2017-04-28,67.9423,XLV
1571,2017-03-31,66.9164,XLV
1572,2017-02-28,67.2384,XLV
1573,2017-01-31,63.2304,XLV
1574,2016-12-30,61.8137,XLV
1575,2016-11-30,61.374,XLV
1576,2016-10-31,60.1331,XLV
1577,2016-09-30,64.3735,XLV
1578,2016-08-31,64.7039,XLV
1579,2016-07-29,66.8737,XLV
1580,2016-06-30,63.7657,XLV
1581,2016-05-31,63.1927,XLV
1582,2016-04-29,61.8118,XLV
1583,2016-03-31,60.0309,XLV
1584,2016-02-29,58.4504,XLV
1585,2016-01-29,58.6629,XLV
1586,2015-12-31,63.5699,XLV
1587,2015-11-30,62.4895,XLV
1588,2015-10-30,62.6916,XLV
1589,2015-09-30,58.2011,XLV
1590,2015-08-31,61.7177,XLV
1591,2015-07-31,67.0586,XLV
1592,2015-06-30,65.1324,XLV
1593,2015-05-29,65.3882,XLV
1594,2015-04-30,62.569,XLV
1595,2015-03-31,63.2592,XLV
1596,2015-02-27,62.8574,XLV
1597,2015-01-30,60.2731,XLV
1598,2014-12-31,59.4987,XLV
1599,2014-11-28,60.3463,XLV
1600,2014-10-31,58.3178,XLV
1601,2014-09-30,55.4049,XLV
1602,2014-08-29,55.1653,XLV
1603,2014-07-31,52.6169,XLV
1604,2014-06-30,52.5478,XLV
1605,2014-05-30,51.4576,XLV
1606,2014-04-30,50.0204,XLV
1607,2014-03-31,50.3388,XLV
1608,2014-02-28,50.9771,XLV
1609,2014-01-31,47.9926,XLV
1610,2013-12-31,47.5466,XLV
1611,2013-11-29,47.1988,XLV
1612,2013-10-31,45.0721,XLV
1613,2013-09-30,43.2101,XLV
1614,2013-08-30,41.867,XLV
1615,2013-07-31,43.3981,XLV
1616,2013-06-28,40.4975,XLV
1617,2013-05-31,40.74,XLV
1618,2013-04-30,40.0795,XLV
1619,2013-03-28,38.9608,XLV
1620,2013-02-28,36.6348,XLV
1621,2013-01-31,36.1795,XLV
1622,2012-12-31,33.6252,XLV
1623,2012-11-30,33.7446,XLV
1624,2012-10-31,33.5676,XLV
1625,2012-09-28,33.644,XLV
1626,2012-08-31,32.4105,XLV
1627,2012-07-31,32.035,XLV
1628,2012-06-29,31.7137,XLV
1629,2012-05-31,30.005,XLV
1630,2012-04-30,31.1338,XLV
1631,2012-03-30,31.2168,XLV
1632,2012-02-29,29.8787,XLV
1633,2012-01-31,29.5649,XLV
1634,2011-12-30,28.6482,XLV
1635,2011-11-30,27.8224,XLV
1636,2011-10-31,27.5596,XLV
1637,2011-09-30,26.0568,XLV
1638,2011-08-31,27.2817,XLV
1639,2011-07-29,27.8698,XLV
1640,2011-06-30,29.0215,XLV
1641,2011-05-31,29.3518,XLV
1642,2011-04-29,28.6447,XLV
1643,2011-03-31,26.9133,XLV
1644,2011-02-28,26.4348,XLV
1645,2011-01-31,25.6346,XLV
1646,2010-12-31,25.4889,XLV
1647,2010-11-30,24.3672,XLV
1648,2010-10-29,25.0917,XLV
1649,2010-09-30,24.5443,XLV
1650,2010-08-31,22.5046,XLV
1651,2010-07-30,22.881,XLV
1652,2010-06-30,22.5847,XLV
1653,2010-05-28,23.0036,XLV
1654,2010-04-30,24.6051,XLV
1655,2010-03-31,25.6011,XLV
1656,2010-02-26,24.9359,XLV
1657,2010-01-29,24.8406,XLV
1658,2009-12-31,24.6739,XLV
1659,2009-11-30,24.2307,XLV
1660,2009-10-30,22.1694,XLV
1661,2009-09-30,22.6433,XLV
1662,2009-08-31,22.5043,XLV
1663,2009-07-31,21.9145,XLV
1664,2009-06-30,20.6879,XLV
1665,2009-05-29,20.21,XLV
1666,2009-04-30,18.919,XLV
1667,2009-03-31,18.9425,XLV
1668,2009-02-27,17.8692,XLV
1669,2009-01-30,20.3963,XLV
1670,2008-12-31,20.6452,XLV
1671,2008-11-28,19.2611,XLV
1672,2008-10-31,20.9848,XLV
1673,2008-09-30,23.5354,XLV
1674,2008-08-29,25.1523,XLV
1675,2008-07-31,24.583,XLV
1676,2008-06-30,23.5288,XLV
1677,2008-05-30,24.5664,XLV
1678,2008-04-30,24.1069,XLV
1679,2008-03-31,23.8695,XLV
1680,2008-02-29,25.0058,XLV
1681,2008-01-31,25.6919,XLV
1682,2007-12-31,26.9193,XLV
1683,2007-11-30,27.703,XLV
1684,2007-10-31,27.3536,XLV
1685,2007-09-28,26.8522,XLV
1686,2007-08-31,26.0404,XLV
1687,2007-07-31,25.4575,XLV
1688,2007-06-29,26.7293,XLV
1689,2007-05-31,27.656,XLV
1690,2007-04-30,27.1892,XLV
1691,2007-03-30,25.3369,XLV
1692,2007-02-28,25.2648,XLV
1693,2007-01-31,25.8875,XLV
1694,2006-12-29,25.1223,XLV
1695,2006-11-30,24.8626,XLV
1696,2006-10-31,24.8925,XLV
1697,2006-09-29,24.8103,XLV
1698,2006-08-31,24.4324,XLV
1699,2006-07-31,23.7546,XLV
1700,2006-06-30,22.5255,XLV
1701,2006-05-31,22.5177,XLV
1702,2006-04-28,23.0001,XLV
1703,2006-03-31,23.7349,XLV
1704,2006-02-28,24.0425,XLV
1705,2006-01-31,23.7688,XLV
1706,2005-12-30,23.4655,XLV
1707,2005-11-30,22.6812,XLV
1708,2005-10-31,22.4084,XLV
1709,2005-09-30,23.1162,XLV
1710,2005-08-31,23.2459,XLV
1711,2005-07-29,23.3268,XLV
1712,2005-06-30,22.8122,XLV
1713,2005-05-31,22.9337,XLV
1714,2005-04-29,22.6479,XLV
1715,2005-03-31,21.8856,XLV
1716,2005-02-28,22.0087,XLV
1717,2005-01-31,21.3659,XLV
1718,2004-12-31,22.0525,XLV
1719,2004-11-30,20.8986,XLV
1720,2004-10-29,20.4981,XLV
1721,2004-09-30,20.9642,XLV
1722,2004-08-31,21.3376,XLV
1723,2004-07-30,20.9964,XLV
1724,2004-06-30,22.1871,XLV
1725,2004-05-28,22.2702,XLV
1726,2004-04-30,22.3426,XLV
1727,2004-03-31,21.6693,XLV
1728,2004-02-27,22.6113,XLV
1729,2004-01-30,22.3729,XLV
1730,2003-12-31,21.7735,XLV
1731,2003-11-28,20.5826,XLV
1732,2003-10-31,20.1508,XLV
1733,2003-09-30,20.0141,XLV
1734,2003-08-29,19.9613,XLV
1735,2003-07-31,20.7291,XLV
1736,2003-06-30,21.0448,XLV
1737,2003-05-30,20.1551,XLV
1738,2003-04-30,19.7473,XLV
1739,2003-03-31,19.1177,XLV
1740,2003-02-28,18.4611,XLV
1741,2003-01-31,18.8821,XLV
1742,2002-12-31,18.9464,XLV
1743,2002-11-29,19.687,XLV
1744,2002-10-31,19.0969,XLV
1745,2002-09-30,18.0446,XLV
1746,2002-08-30,19.2365,XLV
1747,2002-07-31,19.0522,XLV
1748,2002-06-28,19.6193,XLV
1749,2002-05-31,21.131,XLV
1750,2002-04-30,20.8405,XLV
1751,2002-03-28,20.968,XLV
1752,2002-02-28,19.8187,XLV
1753,2002-01-31,18.9475,XLV
1754,2001-12-31,19.0892,XLV
1755,2001-11-30,18.638,XLV
1756,2001-10-31,16.7007,XLV
1757,2001-09-28,16.6159,XLV
1758,2001-08-31,19.429,XLV
1759,2001-07-31,20.4679,XLV
1760,2001-06-29,20.8849,XLV
1761,2001-05-31,21.1236,XLV
1762,2001-04-30,20.3464,XLV
1763,2001-03-30,18.9476,XLV
1764,2001-02-28,20.2437,XLV
1765,2001-01-31,20.6393,XLV
1766,2000-12-29,19.2478,XLV
1767,2000-11-30,18.8967,XLV
1768,2000-10-31,20.7927,XLV
1769,2000-09-29,20.4826,XLV
1770,2000-08-31,21.2579,XLV
1771,2000-07-31,20.5319,XLV
1772,2000-06-30,20.835,XLV
1773,2000-05-31,20.7927,XLV
1774,2000-04-28,21.3637,XLV
1775,2000-03-31,21.6174,XLV
1776,2000-02-29,19.8342,XLV
1777,2000-01-31,21.2227,XLV
1778,1999-12-31,21.7725,XLV
1779,2023-09-11,173.29,XLY
1780,2023-08-31,170.71,XLY
1781,2023-07-31,173.74,XLY
1782,2023-06-30,169.81,XLY
1783,2023-05-31,151.3076,XLY
1784,2023-04-28,147.565,XLY
1785,2023-03-31,149.2417,XLY
1786,2023-02-28,144.8095,XLY
1787,2023-01-31,147.9537,XLY
1788,2022-12-30,128.5117,XLY
1789,2022-11-30,145.0326,XLY
1790,2022-10-31,142.9092,XLY
1791,2022-09-30,141.3415,XLY
1792,2022-08-31,153.982,XLY
1793,2022-07-29,161.23,XLY
1794,2022-06-30,136.1291,XLY
1795,2022-05-31,152.678,XLY
1796,2022-04-29,160.9175,XLY
1797,2022-03-31,182.771,XLY
1798,2022-02-28,175.0212,XLY
1799,2022-01-31,182.4392,XLY
1800,2021-12-31,201.6646,XLY
1801,2021-11-30,201.3579,XLY
1802,2021-10-29,198.1175,XLY
1803,2021-09-30,176.7446,XLY
1804,2021-08-31,180.6049,XLY
1805,2021-07-30,177.4383,XLY
1806,2021-06-30,175.5895,XLY
1807,2021-05-28,169.724,XLY
1808,2021-04-30,175.6944,XLY
1809,2021-03-31,165.04,XLY
1810,2021-02-26,157.9953,XLY
1811,2021-01-29,158.8385,XLY
1812,2020-12-31,157.6326,XLY
1813,2020-11-30,153.8929,XLY
1814,2020-10-30,139.9088,XLY
1815,2020-09-30,143.833,XLY
1816,2020-08-31,146.5599,XLY
1817,2020-07-31,133.7778,XLY
1818,2020-06-30,124.7063,XLY
1819,2020-05-29,120.9901,XLY
1820,2020-04-30,113.5956,XLY
1821,2020-03-31,95.5528,XLY
1822,2020-02-28,112.3019,XLY
1823,2020-01-31,121.5029,XLY
1824,2019-12-31,121.5998,XLY
1825,2019-11-29,118.3307,XLY
1826,2019-10-31,116.7846,XLY
1827,2019-09-30,116.6396,XLY
1828,2019-08-30,115.1705,XLY
1829,2019-07-31,116.2684,XLY
1830,2019-06-28,114.8045,XLY
1831,2019-05-31,106.4803,XLY
1832,2019-04-30,115.2433,XLY
1833,2019-03-29,109.2733,XLY
1834,2019-02-28,105.4218,XLY
1835,2019-01-31,104.054,XLY
1836,2018-12-31,94.7084,XLY
1837,2018-11-30,102.8859,XLY
1838,2018-10-31,100.3993,XLY
1839,2018-09-28,111.6797,XLY
1840,2018-08-31,111.0887,XLY
1841,2018-07-31,105.6934,XLY
1842,2018-06-29,103.8221,XLY
1843,2018-05-31,100.1971,XLY
1844,2018-04-30,98.2455,XLY
1845,2018-03-29,95.9623,XLY
1846,2018-02-28,98.3065,XLY
1847,2018-01-31,101.8394,XLY
1848,2017-12-29,93.2244,XLY
1849,2017-11-30,90.9892,XLY
1850,2017-10-31,86.6021,XLY
1851,2017-09-29,84.804,XLY
1852,2017-08-31,84.1102,XLY
1853,2017-07-31,85.705,XLY
1854,2017-06-30,84.0821,XLY
1855,2017-05-31,85.1548,XLY
1856,2017-04-28,84.2289,XLY
1857,2017-03-31,82.2555,XLY
1858,2017-02-28,80.5376,XLY
1859,2017-01-31,79.1016,XLY
1860,2016-12-30,75.9032,XLY
1861,2016-11-30,75.8713,XLY
1862,2016-10-31,72.3953,XLY
1863,2016-09-30,74.1936,XLY
1864,2016-08-31,74.3914,XLY
1865,2016-07-29,75.3702,XLY
1866,2016-06-30,72.0828,XLY
1867,2016-05-31,72.9135,XLY
1868,2016-04-29,72.8767,XLY
1869,2016-03-31,72.7847,XLY
1870,2016-02-29,68.2163,XLY
1871,2016-01-29,67.9139,XLY
1872,2015-12-31,71.626,XLY
1873,2015-11-30,73.7163,XLY
1874,2015-10-30,73.8897,XLY
1875,2015-09-30,67.7436,XLY
1876,2015-08-31,68.1624,XLY
1877,2015-07-31,72.926,XLY
1878,2015-06-30,69.526,XLY
1879,2015-05-29,69.1419,XLY
1880,2015-04-30,68.2448,XLY
1881,2015-03-31,68.281,XLY
1882,2015-02-27,68.6147,XLY
1883,2015-01-30,63.2137,XLY
1884,2014-12-31,65.1646,XLY
1885,2014-11-28,64.5903,XLY
1886,2014-10-31,61.2533,XLY
1887,2014-09-30,59.9851,XLY
1888,2014-08-29,61.695,XLY
1889,2014-07-31,59.0683,XLY
1890,2014-06-30,59.8303,XLY
1891,2014-05-30,58.6914,XLY
1892,2014-04-30,57.0472,XLY
1893,2014-03-31,57.8336,XLY
1894,2014-02-28,59.5399,XLY
1895,2014-01-31,55.9589,XLY
1896,2013-12-31,59.531,XLY
1897,2013-11-29,58.2035,XLY
1898,2013-10-31,56.2604,XLY
1899,2013-09-30,53.7938,XLY
1900,2013-08-30,51.0255,XLY
1901,2013-07-31,52.5205,XLY
1902,2013-06-28,49.8932,XLY
1903,2013-05-31,49.487,XLY
1904,2013-04-30,48.1555,XLY
1905,2013-03-28,46.7357,XLY
1906,2013-02-28,44.776,XLY
1907,2013-01-31,44.0727,XLY
1908,2012-12-31,41.7069,XLY
1909,2012-11-30,41.5186,XLY
1910,2012-10-31,40.2447,XLY
1911,2012-09-28,40.8721,XLY
1912,2012-08-31,39.6507,XLY
1913,2012-07-31,37.901,XLY
1914,2012-06-29,38.1099,XLY
1915,2012-05-31,37.3873,XLY
1916,2012-04-30,39.5646,XLY
1917,2012-03-30,39.1135,XLY
1918,2012-02-29,37.35,XLY
1919,2012-01-31,35.7329,XLY
1920,2011-12-30,33.7439,XLY
1921,2011-11-30,33.3087,XLY
1922,2011-10-31,33.5495,XLY
1923,2011-09-30,29.9727,XLY
1924,2011-08-31,32.1939,XLY
1925,2011-07-29,33.9763,XLY
1926,2011-06-30,34.4561,XLY
1927,2011-05-31,34.5319,XLY
1928,2011-04-29,34.6258,XLY
1929,2011-03-31,33.345,XLY
1930,2011-02-28,33.54,XLY
1931,2011-01-31,31.6421,XLY
1932,2010-12-31,31.8379,XLY
1933,2010-11-30,30.5857,XLY
1934,2010-10-29,29.8327,XLY
1935,2010-09-30,28.2675,XLY
1936,2010-08-31,25.4616,XLY
1937,2010-07-30,26.5158,XLY
1938,2010-06-30,24.5676,XLY
1939,2010-05-28,27.2119,XLY
1940,2010-04-30,29.2715,XLY
1941,2010-03-31,27.607,XLY
1942,2010-02-26,25.6075,XLY
1943,2010-01-29,24.2566,XLY
1944,2009-12-31,24.9782,XLY
1945,2009-11-30,23.8836,XLY
1946,2009-10-30,22.3815,XLY
1947,2009-09-30,22.924,XLY
1948,2009-08-31,21.7601,XLY
1949,2009-07-31,21.0198,XLY
1950,2009-06-30,19.1981,XLY
1951,2009-05-29,19.1506,XLY
1952,2009-04-30,19.2915,XLY
1953,2009-03-31,16.2764,XLY
1954,2009-02-27,14.4406,XLY
1955,2009-01-30,15.8822,XLY
1956,2008-12-31,17.7686,XLY
1957,2008-11-28,16.7509,XLY
1958,2008-10-31,18.9091,XLY
1959,2008-09-30,23.2338,XLY
1960,2008-08-29,24.8727,XLY
1961,2008-07-31,23.2433,XLY
1962,2008-06-30,23.2026,XLY
1963,2008-05-30,26.225,XLY
1964,2008-04-30,25.527,XLY
1965,2008-03-31,24.9345,XLY
1966,2008-02-29,25.3893,XLY
1967,2008-01-31,26.4107,XLY
1968,2007-12-31,26.508,XLY
1969,2007-11-30,27.8899,XLY
1970,2007-10-31,29.4997,XLY
1971,2007-09-28,29.6446,XLY
1972,2007-08-31,29.9074,XLY
1973,2007-07-31,29.7227,XLY
1974,2007-06-29,31.5944,XLY
1975,2007-05-31,32.1563,XLY
1976,2007-04-30,31.218,XLY
1977,2007-03-30,30.4963,XLY
1978,2007-02-28,30.6007,XLY
1979,2007-01-31,31.5852,XLY
1980,2006-12-29,30.7527,XLY
1981,2006-11-30,30.0527,XLY
1982,2006-10-31,29.6778,XLY
1983,2006-09-29,27.8753,XLY
1984,2006-08-31,26.1516,XLY
1985,2006-07-31,25.6432,XLY
1986,2006-06-30,26.525,XLY
1987,2006-05-31,26.5716,XLY
1988,2006-04-28,27.0234,XLY
1989,2006-03-31,26.6825,XLY
1990,2006-02-28,26.5266,XLY
1991,2006-01-31,26.3364,XLY
1992,2005-12-30,25.8767,XLY
1993,2005-11-30,26.0996,XLY
1994,2005-10-31,25.0982,XLY
1995,2005-09-30,25.6186,XLY
1996,2005-08-31,26.3679,XLY
1997,2005-07-29,27.2652,XLY
1998,2005-06-30,25.8012,XLY
1999,2005-05-31,25.913,XLY
2000,2005-04-29,24.404,XLY
2001,2005-03-31,26.0624,XLY
2002,2005-02-28,26.3702,XLY
2003,2005-01-31,26.5115,XLY
2004,2004-12-31,27.6966,XLY
2005,2004-11-30,26.4602,XLY
2006,2004-10-29,25.3961,XLY
2007,2004-09-30,24.4103,XLY
2008,2004-08-31,23.7263,XLY
2009,2004-07-30,23.7732,XLY
2010,2004-06-30,24.7107,XLY
2011,2004-05-28,24.6469,XLY
2012,2004-04-30,24.4908,XLY
2013,2004-03-31,24.7717,XLY
2014,2004-02-27,24.9255,XLY
2015,2004-01-30,24.3957,XLY
2016,2003-12-31,24.5359,XLY
2017,2003-11-28,23.5913,XLY
2018,2003-10-31,23.3815,XLY
2019,2003-09-30,21.4311,XLY
2020,2003-08-29,22.5047,XLY
2021,2003-07-31,21.4105,XLY
2022,2003-06-30,21.0225,XLY
2023,2003-05-30,20.722,XLY
2024,2003-04-30,19.6758,XLY
2025,2003-03-31,17.6145,XLY
2026,2003-02-28,17.2105,XLY
2027,2003-01-31,17.2879,XLY
2028,2002-12-31,17.8838,XLY
2029,2002-11-29,19.5503,XLY
2030,2002-10-31,18.6855,XLY
2031,2002-09-30,17.5041,XLY
2032,2002-08-30,19.2175,XLY
2033,2002-07-31,18.6546,XLY
2034,2002-06-28,21.184,XLY
2035,2002-05-31,22.3615,XLY
2036,2002-04-30,22.477,XLY
2037,2002-03-28,23.1236,XLY
2038,2002-02-28,22.8337,XLY
2039,2002-01-31,22.7107,XLY
2040,2001-12-31,21.988,XLY
2041,2001-11-30,21.0327,XLY
2042,2001-10-31,18.561,XLY
2043,2001-09-28,17.6322,XLY
2044,2001-08-31,20.1812,XLY
2045,2001-07-31,22.1175,XLY
2046,2001-06-29,21.1761,XLY
2047,2001-05-31,21.344,XLY
2048,2001-04-30,20.8476,XLY
2049,2001-03-30,19.9236,XLY
2050,2001-02-28,20.2174,XLY
2051,2001-01-31,21.772,XLY
2052,2000-12-29,19.5011,XLY
2053,2000-11-30,18.2194,XLY
2054,2000-10-31,18.6831,XLY
2055,2000-09-29,18.9187,XLY
2056,2000-08-31,18.8941,XLY
2057,2000-07-31,19.713,XLY
2058,2000-06-30,19.4021,XLY
2059,2000-05-31,20.5146,XLY
2060,2000-04-28,21.6875,XLY
2061,2000-03-31,22.1491,XLY
2062,2000-02-29,19.4024,XLY
2063,2000-01-31,20.5428,XLY
2064,1999-12-31,23.4581,XLY
2065,2023-09-11,173.69,XLK
2066,2023-08-31,175.66,XLK
2067,2023-07-31,178.35,XLK
2068,2023-06-30,173.86,XLK
2069,2023-05-31,163.9347,XLK
2070,2023-04-28,150.513,XLK
2071,2023-03-31,150.6926,XLK
2072,2023-02-28,135.9343,XLK
2073,2023-01-31,135.3767,XLK
2074,2022-12-30,123.9061,XLK
2075,2022-11-30,134.9835,XLK
2076,2022-10-31,126.9516,XLK
2077,2022-09-30,117.9269,XLK
2078,2022-08-31,133.9608,XLK
2079,2022-07-29,142.8347,XLK
2080,2022-06-30,125.899,XLK
2081,2022-05-31,138.7491,XLK
2082,2022-04-29,139.7074,XLK
2083,2022-03-31,157.0053,XLK
2084,2022-02-28,151.9233,XLK
2085,2022-01-31,159.7132,XLK
2086,2021-12-31,171.4474,XLK
2087,2021-11-30,166.0517,XLK
2088,2021-10-29,158.9754,XLK
2089,2021-09-30,146.9585,XLK
2090,2021-08-31,156.0682,XLK
2091,2021-07-30,150.7041,XLK
2092,2021-06-30,145.065,XLK
2093,2021-05-28,135.7221,XLK
2094,2021-04-30,136.9969,XLK
2095,2021-03-31,130.2402,XLK
2096,2021-02-26,127.8963,XLK
2097,2021-01-29,126.174,XLK
2098,2020-12-31,127.2407,XLK
2099,2020-11-30,120.5603,XLK
2100,2020-10-30,108.2387,XLK
2101,2020-09-30,113.9406,XLK
2102,2020-08-31,120.3647,XLK
2103,2020-07-31,107.583,XLK
2104,2020-06-30,101.7961,XLK
2105,2020-05-29,95.1872,XLK
2106,2020-04-30,88.8135,XLK
2107,2020-03-31,78.0871,XLK
2108,2020-02-28,85.4092,XLK
2109,2020-01-31,92.136,XLK
2110,2019-12-31,88.5986,XLK
2111,2019-11-29,84.9307,XLK
2112,2019-10-31,80.6052,XLK
2113,2019-09-30,77.5802,XLK
2114,2019-08-30,76.3764,XLK
2115,2019-07-31,77.5672,XLK
2116,2019-06-28,74.9455,XLK
2117,2019-05-31,68.7948,XLK
2118,2019-04-30,75.3212,XLK
2119,2019-03-29,70.814,XLK
2120,2019-02-28,67.593,XLK
2121,2019-01-31,63.2242,XLK
2122,2018-12-31,59.1225,XLK
2123,2018-11-30,64.5188,XLK
2124,2018-10-31,65.8103,XLK
2125,2018-09-28,71.5366,XLK
2126,2018-08-31,71.5491,XLK
2127,2018-07-31,67.1198,XLK
2128,2018-06-29,65.7475,XLK
2129,2018-05-31,65.9198,XLK
2130,2018-04-30,61.7326,XLK
2131,2018-03-29,61.6949,XLK
2132,2018-02-28,64.0879,XLK
2133,2018-01-31,64.3511,XLK
2134,2017-12-29,60.1206,XLK
2135,2017-11-30,59.7965,XLK
2136,2017-10-31,58.9629,XLK
2137,2017-09-29,55.3567,XLK
2138,2017-08-31,54.9082,XLK
2139,2017-07-31,53.3496,XLK
2140,2017-06-30,51.0722,XLK
2141,2017-05-31,52.5491,XLK
2142,2017-04-28,50.5505,XLK
2143,2017-03-31,49.5558,XLK
2144,2017-02-28,48.4769,XLK
2145,2017-01-31,46.3749,XLK
2146,2016-12-30,44.7821,XLK
2147,2016-11-30,43.7909,XLK
2148,2016-10-31,43.7171,XLK
2149,2016-09-30,44.049,XLK
2150,2016-08-31,43.142,XLK
2151,2016-07-29,42.6462,XLK
2152,2016-06-30,39.8184,XLK
2153,2016-05-31,40.3731,XLK
2154,2016-04-29,38.491,XLK
2155,2016-03-31,40.5284,XLK
2156,2016-02-29,37.2431,XLK
2157,2016-01-29,37.4885,XLK
2158,2015-12-31,38.9339,XLK
2159,2015-11-30,39.7575,XLK
2160,2015-10-30,39.4772,XLK
2161,2015-09-30,35.7329,XLK
2162,2015-08-31,36.2183,XLK
2163,2015-07-31,38.3339,XLK
2164,2015-06-30,37.2716,XLK
2165,2015-05-29,38.8689,XLK
2166,2015-04-30,38.1609,XLK
2167,2015-03-31,37.1392,XLK
2168,2015-02-27,38.4612,XLK
2169,2015-01-30,35.6138,XLK
2170,2014-12-31,36.9081,XLK
2171,2014-11-28,37.7291,XLK
2172,2014-10-31,35.9976,XLK
2173,2014-09-30,35.4293,XLK
2174,2014-08-29,35.6133,XLK
2175,2014-07-31,34.4816,XLK
2176,2014-06-30,33.9069,XLK
2177,2014-05-30,33.2845,XLK
2178,2014-04-30,32.0788,XLK
2179,2014-03-31,31.9908,XLK
2180,2014-02-28,31.8528,XLK
2181,2014-01-31,30.5121,XLK
2182,2013-12-31,31.3183,XLK
2183,2013-11-29,30.25,XLK
2184,2013-10-31,29.3431,XLK
2185,2013-09-30,27.9391,XLK
2186,2013-08-30,27.248,XLK
2187,2013-07-31,27.5343,XLK
2188,2013-06-28,26.5407,XLK
2189,2013-05-31,27.335,XLK
2190,2013-04-30,26.5925,XLK
2191,2013-03-28,26.1349,XLK
2192,2013-02-28,25.4774,XLK
2193,2013-01-31,25.2797,XLK
2194,2012-12-31,24.8068,XLK
2195,2012-11-30,24.9033,XLK
2196,2012-10-31,24.6815,XLK
2197,2012-09-28,26.3524,XLK
2198,2012-08-31,25.9589,XLK
2199,2012-07-31,24.9117,XLK
2200,2012-06-29,24.4562,XLK
2201,2012-05-31,23.6887,XLK
2202,2012-04-30,25.2917,XLK
2203,2012-03-30,25.5801,XLK
2204,2012-02-29,24.4706,XLK
2205,2012-01-31,22.8517,XLK
2206,2011-12-30,21.5159,XLK
2207,2011-11-30,21.5653,XLK
2208,2011-10-31,21.8936,XLK
2209,2011-09-30,19.865,XLK
2210,2011-08-31,20.4954,XLK
2211,2011-07-29,21.6442,XLK
2212,2011-06-30,21.552,XLK
2213,2011-05-31,22.1005,XLK
2214,2011-04-29,22.3344,XLK
2215,2011-03-31,21.7685,XLK
2216,2011-02-28,22.1098,XLK
2217,2011-01-31,21.6353,XLK
2218,2010-12-31,20.9694,XLK
2219,2010-11-30,19.8658,XLK
2220,2010-10-29,20.1976,XLK
2221,2010-09-30,19.0944,XLK
2222,2010-08-31,17.1004,XLK
2223,2010-07-30,18.1171,XLK
2224,2010-06-30,16.8608,XLK
2225,2010-05-28,17.8226,XLK
2226,2010-04-30,19.2631,XLK
2227,2010-03-31,19.0251,XLK
2228,2010-02-26,17.8067,XLK
2229,2010-01-29,17.2066,XLK
2230,2009-12-31,18.8247,XLK
2231,2009-11-30,17.7926,XLK
2232,2009-10-30,16.8601,XLK
2233,2009-09-30,17.0728,XLK
2234,2009-08-31,16.3175,XLK
2235,2009-07-31,16.0567,XLK
2236,2009-06-30,14.8422,XLK
2237,2009-05-29,14.3221,XLK
2238,2009-04-30,13.9975,XLK
2239,2009-03-31,12.6748,XLK
2240,2009-02-27,11.3992,XLK
2241,2009-01-30,11.8513,XLK
2242,2008-12-31,12.4406,XLK
2243,2008-11-28,12.2469,XLK
2244,2008-10-31,13.2507,XLK
2245,2008-09-30,15.933,XLK
2246,2008-08-29,18.249,XLK
2247,2008-07-31,17.8888,XLK
2248,2008-06-30,18.337,XLK
2249,2008-05-30,20.2316,XLK
2250,2008-04-30,18.9945,XLK
2251,2008-03-31,17.8772,XLK
2252,2008-02-29,17.6734,XLK
2253,2008-01-31,18.551,XLK
2254,2007-12-31,21.2719,XLK
2255,2007-11-30,20.858,XLK
2256,2007-10-31,22.5578,XLK
2257,2007-09-28,21.422,XLK
2258,2007-08-31,20.6427,XLK
2259,2007-07-31,20.2543,XLK
2260,2007-06-29,20.2939,XLK
2261,2007-05-31,20.3196,XLK
2262,2007-04-30,19.3452,XLK
2263,2007-03-30,18.4738,XLK
2264,2007-02-28,18.2599,XLK
2265,2007-01-31,18.7986,XLK
2266,2006-12-29,18.4421,XLK
2267,2006-11-30,18.5261,XLK
2268,2006-10-31,18.0299,XLK
2269,2006-09-29,17.3289,XLK
2270,2006-08-31,16.5877,XLK
2271,2006-07-31,15.4996,XLK
2272,2006-06-30,15.9145,XLK
2273,2006-05-31,15.9928,XLK
2274,2006-04-28,17.1044,XLK
2275,2006-03-31,17.3314,XLK
2276,2006-02-28,16.9478,XLK
2277,2006-01-31,16.9087,XLK
2278,2005-12-30,16.3607,XLK
2279,2005-11-30,16.8789,XLK
2280,2005-10-31,15.876,XLK
2281,2005-09-30,16.2491,XLK
2282,2005-08-31,16.2103,XLK
2283,2005-07-29,16.3658,XLK
2284,2005-06-30,15.4872,XLK
2285,2005-05-31,15.6894,XLK
2286,2005-04-29,14.6709,XLK
2287,2005-03-31,15.2073,XLK
2288,2005-02-28,15.5105,XLK
2289,2005-01-31,15.4872,XLK
2290,2004-12-31,16.4124,XLK
2291,2004-11-30,15.9927,XLK
2292,2004-10-29,15.2151,XLK
2293,2004-09-30,14.5748,XLK
2294,2004-08-31,14.1632,XLK
2295,2004-07-30,14.8187,XLK
2296,2004-06-30,15.7792,XLK
2297,2004-05-28,15.36,XLK
2298,2004-04-30,14.7806,XLK
2299,2004-03-31,15.3676,XLK
2300,2004-02-27,15.7868,XLK
2301,2004-01-30,16.1985,XLK
2302,2003-12-31,15.5353,XLK
2303,2003-11-28,15.0626,XLK
2304,2003-10-31,14.8506,XLK
2305,2003-09-30,13.8364,XLK
2306,2003-08-29,13.9575,XLK
2307,2003-07-31,13.3217,XLK
2308,2003-06-30,12.9205,XLK
2309,2003-05-30,12.8297,XLK
2310,2003-04-30,11.8154,XLK
2311,2003-03-31,10.8239,XLK
2312,2003-02-28,10.9904,XLK
2313,2003-01-31,10.9374,XLK
2314,2002-12-31,11.2023,XLK
2315,2002-11-29,12.9089,XLK
2316,2002-10-31,11.1425,XLK
2317,2002-09-30,8.9306,XLK
2318,2002-08-30,10.7197,XLK
2319,2002-07-31,10.8103,XLK
2320,2002-06-28,11.9427,XLK
2321,2002-05-31,13.7846,XLK
2322,2002-04-30,14.381,XLK
2323,2002-03-28,16.3589,XLK
2324,2002-02-28,15.5964,XLK
2325,2002-01-31,17.9215,XLK
2326,2001-12-31,18.1178,XLK
2327,2001-11-30,18.5255,XLK
2328,2001-10-31,16.1173,XLK
2329,2001-09-28,14.532,XLK
2330,2001-08-31,17.378,XLK
2331,2001-07-31,19.7937,XLK
2332,2001-06-29,21.2658,XLK
2333,2001-05-31,20.8581,XLK
2334,2001-04-30,21.7489,XLK
2335,2001-03-30,18.7217,XLK
2336,2001-02-28,21.145,XLK
2337,2001-01-31,28.1581,XLK
2338,2000-12-29,23.6362,XLK
2339,2000-11-30,26.2331,XLK
2340,2000-10-31,33.0046,XLK
2341,2000-09-29,35.0127,XLK
2342,2000-08-31,42.675,XLK
2343,2000-07-31,38.7344,XLK
2344,2000-06-30,40.9085,XLK
2345,2000-05-31,37.2019,XLK
2346,2000-04-28,41.52,XLK
2347,2000-03-31,45.7173,XLK
2348,2000-02-29,42.1843,XLK
2349,2000-01-31,38.1682,XLK
2350,1999-12-31,40.6745,XLK
2351,2023-09-11,105.66,XLI
2352,2023-08-31,108.23,XLI
2353,2023-07-31,110.42,XLI
2354,2023-06-30,107.32,XLI
2355,2023-05-31,96.4616,XLI
2356,2023-04-28,99.5989,XLI
2357,2023-03-31,100.7742,XLI
2358,2023-02-28,100.1596,XLI
2359,2023-01-31,101.0326,XLI
2360,2022-12-30,97.4218,XLI
2361,2022-11-30,100.4222,XLI
2362,2022-10-31,93.1462,XLI
2363,2022-09-30,81.7831,XLI
2364,2022-08-31,91.3131,XLI
2365,2022-07-29,93.9759,XLI
2366,2022-06-30,85.8204,XLI
2367,2022-05-31,92.6526,XLI
2368,2022-04-29,93.0831,XLI
2369,2022-03-31,100.7536,XLI
2370,2022-02-28,97.4075,XLI
2371,2022-01-31,98.2364,XLI
2372,2021-12-31,103.1804,XLI
2373,2021-11-30,97.8903,XLI
2374,2021-10-29,101.504,XLI
2375,2021-09-30,95.0441,XLI
2376,2021-08-31,101.1927,XLI
2377,2021-07-30,100.0792,XLI
2378,2021-06-30,99.1497,XLI
2379,2021-05-28,101.4691,XLI
2380,2021-04-30,98.3899,XLI
2381,2021-03-31,95.0307,XLI
2382,2021-02-26,87.1948,XLI
2383,2021-01-29,81.575,XLI
2384,2020-12-31,85.2125,XLI
2385,2020-11-30,84.3611,XLI
2386,2020-10-30,72.7079,XLI
2387,2020-09-30,73.7716,XLI
2388,2020-08-31,74.2682,XLI
2389,2020-07-31,68.4649,XLI
2390,2020-06-30,65.5729,XLI
2391,2020-05-29,64.3044,XLI
2392,2020-04-30,61.0165,XLI
2393,2020-03-31,56.0751,XLI
2394,2020-02-28,68.8863,XLI
2395,2020-01-31,76.4555,XLI
2396,2019-12-31,76.7949,XLI
2397,2019-11-29,76.9514,XLI
2398,2019-10-31,73.6403,XLI
2399,2019-09-30,72.8149,XLI
2400,2019-08-30,70.6843,XLI
2401,2019-07-31,72.6063,XLI
2402,2019-06-28,72.2331,XLI
2403,2019-05-31,66.9299,XLI
2404,2019-04-30,72.4664,XLI
2405,2019-03-29,69.6981,XLI
2406,2019-02-28,70.5075,XLI
2407,2019-01-31,66.2866,XLI
2408,2018-12-31,59.489,XLI
2409,2018-11-30,66.5781,XLI
2410,2018-10-31,64.1367,XLI
2411,2018-09-28,71.9565,XLI
2412,2018-08-31,70.4255,XLI
2413,2018-07-31,70.2611,XLI
2414,2018-06-29,65.429,XLI
2415,2018-05-31,67.7239,XLI
2416,2018-04-30,65.7042,XLI
2417,2018-03-29,67.5874,XLI
2418,2018-02-28,69.4558,XLI
2419,2018-01-31,72.2467,XLI
2420,2017-12-29,68.5678,XLI
2421,2017-11-30,67.1546,XLI
2422,2017-10-31,64.4688,XLI
2423,2017-09-29,63.9911,XLI
2424,2017-08-31,61.4223,XLI
2425,2017-07-31,61.2877,XLI
2426,2017-06-30,61.1082,XLI
2427,2017-05-31,60.2948,XLI
2428,2017-04-28,59.2411,XLI
2429,2017-03-31,58.098,XLI
2430,2017-02-28,58.548,XLI
2431,2017-01-31,56.3433,XLI
2432,2016-12-30,55.3121,XLI
2433,2016-11-30,55.1424,XLI
2434,2016-10-31,50.548,XLI
2435,2016-09-30,51.5817,XLI
2436,2016-08-31,51.4839,XLI
2437,2016-07-29,51.0006,XLI
2438,2016-06-30,49.2169,XLI
2439,2016-05-31,48.8684,XLI
2440,2016-04-29,49.0781,XLI
2441,2016-03-31,48.4752,XLI
2442,2016-02-29,45.3172,XLI
2443,2016-01-29,43.4652,XLI
2444,2015-12-31,46.091,XLI
2445,2015-11-30,47.3038,XLI
2446,2015-10-30,46.8977,XLI
2447,2015-09-30,43.1127,XLI
2448,2015-08-31,44.079,XLI
2449,2015-07-31,46.5971,XLI
2450,2015-06-30,46.4596,XLI
2451,2015-05-29,47.7256,XLI
2452,2015-04-30,47.5717,XLI
2453,2015-03-31,47.6914,XLI
2454,2015-02-27,48.9389,XLI
2455,2015-01-30,46.4532,XLI
2456,2014-12-31,48.1643,XLI
2457,2014-11-28,48.1765,XLI
2458,2014-10-31,46.7374,XLI
2459,2014-09-30,44.9935,XLI
2460,2014-08-29,45.5149,XLI
2461,2014-07-31,43.6697,XLI
2462,2014-06-30,45.5486,XLI
2463,2014-05-30,45.3344,XLI
2464,2014-04-30,44.4789,XLI
2465,2014-03-31,43.8918,XLI
2466,2014-02-28,43.4764,XLI
2467,2014-01-31,41.7811,XLI
2468,2013-12-31,43.6434,XLI
2469,2013-11-29,41.8787,XLI
2470,2013-10-31,40.3997,XLI
2471,2013-09-30,38.5592,XLI
2472,2013-08-30,36.4242,XLI
2473,2013-07-31,37.3505,XLI
2474,2013-06-28,35.2663,XLI
2475,2013-05-31,35.8196,XLI
2476,2013-04-30,34.108,XLI
2477,2013-03-28,34.3631,XLI
2478,2013-02-28,33.5676,XLI
2479,2013-01-31,32.8384,XLI
2480,2012-12-31,31.0523,XLI
2481,2012-11-30,30.1984,XLI
2482,2012-10-31,29.6774,XLI
2483,2012-09-28,29.7105,XLI
2484,2012-08-31,29.3818,XLI
2485,2012-07-31,28.9374,XLI
2486,2012-06-29,28.8242,XLI
2487,2012-05-31,27.8855,XLI
2488,2012-04-30,29.7676,XLI
2489,2012-03-30,30.0934,XLI
2490,2012-02-29,29.8058,XLI
2491,2012-01-31,28.9972,XLI
2492,2011-12-30,27.0198,XLI
2493,2011-11-30,26.9524,XLI
2494,2011-10-31,26.5786,XLI
2495,2011-09-30,23.2384,XLI
2496,2011-08-31,25.6248,XLI
2497,2011-07-29,27.428,XLI
2498,2011-06-30,29.4527,XLI
2499,2011-05-31,29.6149,XLI
2500,2011-04-29,30.457,XLI
2501,2011-03-31,29.6424,XLI
2502,2011-02-28,29.0003,XLI
2503,2011-01-31,28.3969,XLI
2504,2010-12-31,27.3234,XLI
2505,2010-11-30,25.4219,XLI
2506,2010-10-29,25.0867,XLI
2507,2010-09-30,24.3851,XLI
2508,2010-08-31,21.8657,XLI
2509,2010-07-30,23.4946,XLI
2510,2010-06-30,21.2762,XLI
2511,2010-05-28,22.8474,XLI
2512,2010-04-30,25.1399,XLI
2513,2010-03-31,24.1133,XLI
2514,2010-02-26,22.1842,XLI
2515,2010-01-29,21.0611,XLI
2516,2009-12-31,21.3765,XLI
2517,2009-11-30,21.0248,XLI
2518,2009-10-30,19.3282,XLI
2519,2009-09-30,20.1306,XLI
2520,2009-08-31,19.0205,XLI
2521,2009-07-31,18.1538,XLI
2522,2009-06-30,16.6942,XLI
2523,2009-05-29,16.9836,XLI
2524,2009-04-30,16.4323,XLI
2525,2009-03-31,13.9176,XLI
2526,2009-02-27,12.7864,XLI
2527,2009-01-30,15.411,XLI
2528,2008-12-31,17.5121,XLI
2529,2008-11-28,17.1155,XLI
2530,2008-10-31,18.6412,XLI
2531,2008-09-30,22.7071,XLI
2532,2008-08-29,25.9475,XLI
2533,2008-07-31,25.2549,XLI
2534,2008-06-30,25.056,XLI
2535,2008-05-30,28.4785,XLI
2536,2008-04-30,28.2292,XLI
2537,2008-03-31,27.4227,XLI
2538,2008-02-29,26.4635,XLI
2539,2008-01-31,27.011,XLI
2540,2007-12-31,28.5879,XLI
2541,2007-11-30,28.6283,XLI
2542,2007-10-31,29.4639,XLI
2543,2007-09-28,29.849,XLI
2544,2007-08-31,28.4996,XLI
2545,2007-07-31,28.4924,XLI
2546,2007-06-29,28.2249,XLI
2547,2007-05-31,28.2175,XLI
2548,2007-04-30,26.8257,XLI
2549,2007-03-30,25.6359,XLI
2550,2007-02-28,25.4875,XLI
2551,2007-01-31,25.7178,XLI
2552,2006-12-29,25.1925,XLI
2553,2006-11-30,25.07,XLI
2554,2006-10-31,24.4704,XLI
2555,2006-09-29,23.7994,XLI
2556,2006-08-31,22.8238,XLI
2557,2006-07-31,22.569,XLI
2558,2006-06-30,23.9279,XLI
2559,2006-05-31,23.9585,XLI
2560,2006-04-28,24.375,XLI
2561,2006-03-31,23.8596,XLI
2562,2006-02-28,22.8494,XLI
2563,2006-01-31,22.1602,XLI
2564,2005-12-30,22.0969,XLI
2565,2005-11-30,21.993,XLI
2566,2005-10-31,20.7836,XLI
2567,2005-09-30,21.0842,XLI
2568,2005-08-31,20.7372,XLI
2569,2005-07-29,21.2386,XLI
2570,2005-06-30,20.4587,XLI
2571,2005-05-31,21.0128,XLI
2572,2005-04-29,20.3668,XLI
2573,2005-03-31,21.1379,XLI
2574,2005-02-28,21.1474,XLI
2575,2005-01-31,20.9052,XLI
2576,2004-12-31,21.5074,XLI
2577,2004-11-30,20.986,XLI
2578,2004-10-29,19.7462,XLI
2579,2004-09-30,19.5465,XLI
2580,2004-08-31,19.1362,XLI
2581,2004-07-30,19.1224,XLI
2582,2004-06-30,19.6715,XLI
2583,2004-05-28,18.5282,XLI
2584,2004-04-30,18.083,XLI
2585,2004-03-31,18.0899,XLI
2586,2004-02-27,18.3131,XLI
2587,2004-01-30,18.4496,XLI
2588,2003-12-31,18.2654,XLI
2589,2003-11-28,17.13,XLI
2590,2003-10-31,16.7972,XLI
2591,2003-09-30,15.8191,XLI
2592,2003-08-29,16.2635,XLI
2593,2003-07-31,15.6544,XLI
2594,2003-06-30,15.1536,XLI
2595,2003-05-30,14.8438,XLI
2596,2003-04-30,14.4521,XLI
2597,2003-03-31,13.0406,XLI
2598,2003-02-28,12.905,XLI
2599,2003-01-31,13.1068,XLI
2600,2002-12-31,13.8537,XLI
2601,2002-11-29,14.4213,XLI
2602,2002-10-31,13.7053,XLI
2603,2002-09-30,13.0628,XLI
2604,2002-08-30,14.7671,XLI
2605,2002-07-31,15.0004,XLI
2606,2002-06-28,15.9004,XLI
2607,2002-05-31,16.9386,XLI
2608,2002-04-30,16.8654,XLI
2609,2002-03-28,18.1157,XLI
2610,2002-02-28,17.6388,XLI
2611,2002-01-31,17.2078,XLI
2612,2001-12-31,18.3683,XLI
2613,2001-11-30,17.5061,XLI
2614,2001-10-31,15.914,XLI
2615,2001-09-28,15.6366,XLI
2616,2001-08-31,18.3212,XLI
2617,2001-07-31,18.9725,XLI
2618,2001-06-29,19.012,XLI
2619,2001-05-31,20.2639,XLI
2620,2001-04-30,19.4499,XLI
2621,2001-03-30,17.4544,XLI
2622,2001-02-28,19.3014,XLI
2623,2001-01-31,20.5319,XLI
2624,2000-12-29,20.4534,XLI
2625,2000-11-30,19.6764,XLI
2626,2000-10-31,20.3672,XLI
2627,2000-09-29,19.9175,XLI
2628,2000-08-31,20.5116,XLI
2629,2000-07-31,18.6658,XLI
2630,2000-06-30,18.3799,XLI
2631,2000-05-31,19.1327,XLI
2632,2000-04-28,19.217,XLI
2633,2000-03-31,18.9381,XLI
2634,2000-02-29,16.627,XLI
2635,2000-01-31,17.5979,XLI
2636,1999-12-31,19.1641,XLI
2637,2023-09-11,36.64,XLRE
2638,2023-08-31,37.02,XLRE
2639,2023-07-31,38.19,XLRE
2640,2023-06-30,37.69,XLRE
2641,2023-05-31,35.6932,XLRE
2642,2023-04-28,37.3867,XLRE
2643,2023-03-31,37.0203,XLRE
2644,2023-02-28,37.5778,XLRE
2645,2023-01-31,39.9185,XLRE
2646,2022-12-30,36.319,XLRE
2647,2022-11-30,38.1527,XLRE
2648,2022-10-31,35.7123,XLRE
2649,2022-09-30,35.0122,XLRE
2650,2022-08-31,40.3229,XLRE
2651,2022-07-29,42.722,XLRE
2652,2022-06-30,39.369,XLRE
2653,2022-05-31,42.272,XLRE
2654,2022-04-29,44.5471,XLRE
2655,2022-03-31,46.1913,XLRE
2656,2022-02-28,42.8383,XLRE
2657,2022-01-31,44.9959,XLRE
2658,2021-12-31,49.2445,XLRE
2659,2021-11-30,44.658,XLRE
2660,2021-10-29,45.0632,XLRE
2661,2021-09-30,41.8875,XLRE
2662,2021-08-31,44.6794,XLRE
2663,2021-07-30,43.4612,XLRE
2664,2021-06-30,41.5402,XLRE
2665,2021-05-28,40.2817,XLRE
2666,2021-04-30,39.8254,XLRE
2667,2021-03-31,36.7712,XLRE
2668,2021-02-26,34.4289,XLRE
2669,2021-01-29,33.8942,XLRE
2670,2020-12-31,33.7098,XLRE
2671,2020-11-30,33.2199,XLRE
2672,2020-10-30,31.0811,XLRE
2673,2020-09-30,32.1005,XLRE
2674,2020-08-31,32.7896,XLRE
2675,2020-07-31,32.7987,XLRE
2676,2020-06-30,31.4871,XLRE
2677,2020-05-29,31.1019,XLRE
2678,2020-04-30,30.4467,XLRE
2679,2020-03-31,27.8257,XLRE
2680,2020-02-28,32.763,XLRE
2681,2020-01-31,34.936,XLRE
2682,2019-12-31,34.4373,XLRE
2683,2019-11-29,34.0517,XLRE
2684,2019-10-31,34.6508,XLRE
2685,2019-09-30,34.6596,XLRE
2686,2019-08-30,34.3142,XLRE
2687,2019-07-31,32.7389,XLRE
2688,2019-06-28,32.1788,XLRE
2689,2019-05-31,31.6625,XLRE
2690,2019-04-30,31.2805,XLRE
2691,2019-03-29,31.4454,XLRE
2692,2019-02-28,29.9625,XLRE
2693,2019-01-31,29.6345,XLRE
2694,2018-12-31,26.76,XLRE
2695,2018-11-30,28.8762,XLRE
2696,2018-10-31,27.3749,XLRE
2697,2018-09-28,27.8184,XLRE
2698,2018-08-31,28.5745,XLRE
2699,2018-07-31,27.8991,XLRE
2700,2018-06-29,27.6121,XLRE
2701,2018-05-31,26.4328,XLRE
2702,2018-04-30,25.8552,XLRE
2703,2018-03-29,26.0143,XLRE
2704,2018-02-28,25.0555,XLRE
2705,2018-01-31,26.8862,XLRE
2706,2017-12-29,27.4104,XLRE
2707,2017-11-30,27.532,XLRE
2708,2017-10-31,26.7501,XLRE
2709,2017-09-29,26.5361,XLRE
2710,2017-08-31,26.904,XLRE
2711,2017-07-31,26.6343,XLRE
2712,2017-06-30,26.3156,XLRE
2713,2017-05-31,25.8214,XLRE
2714,2017-04-28,25.6512,XLRE
2715,2017-03-31,25.6107,XLRE
2716,2017-02-28,25.8838,XLRE
2717,2017-01-31,24.7321,XLRE
2718,2016-12-30,24.7643,XLRE
2719,2016-11-30,23.7384,XLRE
2720,2016-10-31,24.482,XLRE
2721,2016-09-30,25.9216,XLRE
2722,2016-08-31,26.2665,XLRE
2723,2016-07-29,27.2878,XLRE
2724,2016-06-30,26.4317,XLRE
2725,2016-05-31,24.9116,XLRE
2726,2016-04-29,24.4902,XLRE
2727,2016-03-31,25.099,XLRE
2728,2016-02-29,22.672,XLRE
2729,2016-01-29,22.5638,XLRE
2730,2015-12-31,24.1051,XLRE
2731,2015-11-30,23.5063,XLRE
