Date,4. close,ticker_sentiment
2023-08-21 04:00:00,0.0051382953391897555,0.462433247558175
2023-08-21 04:05:00,0.0,0.462433247558175
2023-08-21 04:10:00,0.008396726529896304,0.462433247558175
2023-08-21 04:15:00,0.0162921559535299,0.462433247558175
2023-08-21 04:20:00,0.017545398719185607,0.462433247558175
2023-08-21 04:25:00,0.03145639341796888,0.462433247558175
2023-08-21 04:30:00,0.0385873447545525,0.462433247558175
2023-08-21 04:35:00,0.02782198939756583,0.462433247558175
2023-08-21 04:40:00,0.027195368014738333,0.462433247558175
2023-08-21 04:45:00,0.03759728296968405,0.462433247558175
2023-08-21 04:50:00,0.04623212562505438,0.462433247558175
2023-08-21 04:55:00,0.04635744990162059,0.462433247558175
2023-08-21 05:00:00,0.04510420713596417,0.462433247558175
2023-08-21 05:05:00,0.04510420713596417,0.462433247558175
2023-08-21 05:10:00,0.047234719837579806,0.462433247558175
2023-08-21 05:15:00,0.045981477071923384,0.462433247558175
2023-08-21 05:20:00,0.041971100221823834,0.462433247558175
2023-08-21 05:25:00,0.043850964370307756,0.462433247558175
2023-08-21 05:30:00,0.03808604764828979,0.462433247558175
2023-08-21 05:35:00,0.04184577594525834,0.462433247558175
2023-08-21 05:40:00,0.043976288646873966,0.462433247558175
2023-08-21 05:45:00,0.050743799581416636,0.462433247558175
2023-08-21 05:50:00,0.04986652964545743,0.462433247558175
2023-08-21 05:55:00,0.05312496083616327,0.462433247558175
2023-08-21 06:00:00,0.052623663729901266,0.462433247558175
2023-08-21 06:05:00,0.0552554735377789,0.462433247558175
2023-08-21 06:10:00,0.05387690649555698,0.462433247558175
2023-08-21 06:15:00,0.05212236662363856,0.462433247558175
2023-08-21 06:20:00,0.04836263832667001,0.462433247558175
2023-08-21 06:25:00,0.04873861115636722,0.462433247558175
2023-08-21 06:30:00,0.04635744990162059,0.462433247558175
2023-08-21 06:35:00,0.043850964370307756,0.462433247558175
2023-08-21 06:40:00,0.03722131013998684,0.462433247558175
2023-08-21 06:45:00,0.04071785745616741,0.462433247558175
2023-08-21 06:50:00,0.040216560349905416,0.462433247558175
2023-08-21 06:55:00,0.04134447883899563,0.462433247558175
2023-08-21 07:00:00,0.047485368390710804,0.462433247558175
2023-08-21 07:05:00,0.05487950070808169,0.462433247558175
2023-08-21 07:10:00,0.04936523253919472,0.462433247558175
2023-08-21 07:15:00,0.0646547942801999,0.462433247558175
2023-08-21 07:20:00,0.06640933415211833,0.462433247558175
2023-08-21 07:25:00,0.07041971100221787,0.462433247558175
2023-08-21 07:30:00,0.07643527627736756,0.462433247558175
2023-08-21 07:35:00,0.0714223052147433,0.462433247558175
2023-08-21 07:40:00,0.07016906244908687,0.462433247558175
2023-08-21 07:45:00,0.0725502237038335,0.462433247558175
2023-08-21 07:50:00,0.07455541212888363,0.462433247558175
2023-08-21 07:55:00,0.07417943929918643,0.462433247558175
2023-08-21 08:00:00,0.072675547980399,0.462433247558175
2023-08-21 08:05:00,0.07518203351171113,0.462433247558175
2023-08-21 08:10:00,0.08583459701978857,0.462433247558175
2023-08-21 08:15:00,0.07800182973443771,0.462433247558175
2023-08-21 08:20:00,0.07599664130938759,0.462433247558175
2023-08-21 08:25:00,0.0767485869687813,0.462433247558175
2023-08-21 08:30:00,0.06853984685373396,0.462433247558175
2023-08-21 08:35:00,0.06515609138646263,0.462433247558175
2023-08-21 08:40:00,0.07568333061797385,0.462433247558175
2023-08-21 08:45:00,0.07768851904302397,0.462433247558175
2023-08-21 08:50:00,0.07869111325554869,0.462433247558175
2023-08-21 08:55:00,0.072675547980399,0.462433247558175
2023-08-21 09:00:00,0.07568333061797385,0.462433247558175
2023-08-21 09:05:00,0.06603336132242182,0.462433247558175
2023-08-21 09:10:00,0.06553206421615912,0.462433247558175
2023-08-21 09:15:00,0.07330216936322721,0.462433247558175
2023-08-21 09:20:00,0.07380346646948993,0.462433247558175
2023-08-21 09:25:00,0.08520797563696035,0.462433247558175
2023-08-21 09:30:00,0.12593836552078475,0.462433247558175
2023-08-21 09:35:00,0.15263243642926036,0.462433247558175
2023-08-21 09:40:00,0.16930056521248749,0.462433247558175
2023-08-21 09:45:00,0.16096650082087394,0.462433247558175
2023-08-21 09:50:00,0.18030403669494818,0.462433247558175
2023-08-21 09:55:00,0.18921459275876346,0.462433247558175
2023-08-21 10:00:00,0.17918865063351422,0.462433247558175
2023-08-21 10:05:00,0.21565801511410737,0.462433247558175
2023-08-21 10:10:00,0.1942275638213877,0.462433247558175
2023-08-21 10:15:00,0.2014963718621931,0.462433247558175
2023-08-21 10:20:00,0.174000225583698,0.462433247558175
2023-08-21 10:25:00,0.16792199817026557,0.462433247558175
2023-08-21 10:30:00,0.16834810071058853,0.462433247558175
2023-08-21 10:35:00,0.18269773037735107,0.462433247558175
2023-08-21 10:40:00,0.19121978118381286,0.462433247558175
2023-08-21 10:45:00,0.19761131928865905,0.462433247558175
2023-08-21 10:50:00,0.19109445690724736,0.462433247558175
2023-08-21 10:55:00,0.16930056521248749,0.462433247558175
2023-08-21 11:00:00,0.1830235734964218,0.462433247558175
2023-08-21 11:05:00,0.16140513578885318,0.462433247558175
2023-08-21 11:10:00,0.14526336896720274,0.462433247558175
2023-08-21 11:15:00,0.15532690837542146,0.462433247558175
2023-08-21 11:20:00,0.16604213402178092,0.462433247558175
2023-08-21 11:25:00,0.16992718659531497,0.462433247558175
2023-08-21 11:30:00,0.18749765016981454,0.462433247558175
2023-08-21 11:35:00,0.1713057536375369,0.462433247558175
2023-08-21 11:40:00,0.1735239933327485,0.462433247558175
2023-08-21 11:45:00,0.18133169576278613,0.462433247558175
2023-08-21 11:50:00,0.18164500645419987,0.462433247558175
2023-08-21 11:55:00,0.1817076685924826,0.462433247558175
2023-08-21 12:00:00,0.18883861992906623,0.462433247558175
2023-08-21 12:05:00,0.18658278295088512,0.462433247558175
2023-08-21 12:10:00,0.2013334503026581,0.462433247558175
2023-08-21 12:15:00,0.20743674257140304,0.462433247558175
2023-08-21 12:20:00,0.22013209178750012,0.462433247558175
2023-08-21 12:25:00,0.227438497111275,0.462433247558175
2023-08-21 12:30:00,0.20786284511172673,0.462433247558175
2023-08-21 12:35:00,0.21227425964683602,0.462433247558175
2023-08-21 12:40:00,0.22966926923414288,0.462433247558175
2023-08-21 12:45:00,0.23946962766157437,0.462433247558175
2023-08-21 12:50:00,0.24134949181005827,0.462433247558175
2023-08-21 12:55:00,0.24460792300076412,0.462433247558175
2023-08-21 13:00:00,0.2380283984810697,0.462433247558175
2023-08-21 13:05:00,0.24736505708520795,0.462433247558175
2023-08-21 13:10:00,0.2580301530209416,0.462433247558175
2023-08-21 13:15:00,0.27869612622661133,0.462433247558175
2023-08-21 13:20:00,0.2821425438321654,0.462433247558175
2023-08-21 13:25:00,0.2839973431253368,0.462433247558175
2023-08-21 13:30:00,0.2838344215658011,0.462433247558175
2023-08-21 13:35:00,0.2822678681087309,0.462433247558175
2023-08-21 13:40:00,0.2924817966488284,0.462433247558175
2023-08-21 13:45:00,0.28577694785256846,0.462433247558175
2023-08-21 13:50:00,0.2744351008233801,0.462433247558175
2023-08-21 13:55:00,0.2767661323675009,0.462433247558175
2023-08-21 14:00:00,0.2824433220959229,0.462433247558175
2023-08-21 14:05:00,0.295050944318424,0.462433247558175
2023-08-21 14:10:00,0.295050944318424,0.462433247558175
2023-08-21 14:10:00,0.300126577519331,0.462433247558175
2023-08-21 14:12:00,0.300126577519331,0.4149557091866381
2023-08-21 14:15:00,0.3038236436780168,0.4149557091866381
2023-08-21 14:20:00,0.3010038474552902,0.4149557091866381
2023-08-21 14:25:00,0.30325968443347134,0.4149557091866381
2023-08-21 14:30:00,0.305127016154299,0.4149557091866381
2023-08-21 14:35:00,0.30589149424134965,0.4149557091866381
2023-08-21 14:40:00,0.31491484215407345,0.4149557091866381
2023-08-21 14:40:00,0.31491484215407345,0.41574547308755
2023-08-21 14:45:00,0.3250661085558882,0.41574547308755
2023-08-21 14:50:00,0.3250661085558882,0.38271768905121606
2023-08-21 14:50:00,0.3293271339591187,0.38271768905121606
2023-08-21 14:50:42,0.3293271339591187,0.4657069335578508
2023-08-21 14:55:00,0.3280237614828365,0.4657069335578508
2023-08-21 14:57:00,0.3280237614828365,0.4899105487633752
2023-08-21 15:00:00,0.3339641321920465,0.4899105487633752
2023-08-21 15:00:00,0.3339641321920465,0.48586132884298405
2023-08-21 15:05:00,0.33432757259408674,0.48586132884298405
2023-08-21 15:10:00,0.35312621407892875,0.48586132884298405
2023-08-21 15:15:00,0.3699196671387214,0.48586132884298405
2023-08-21 15:20:00,0.3751832867544773,0.48586132884298405
2023-08-21 15:21:09,0.3751832867544773,0.484658104961915
2023-08-21 15:25:00,0.37361673329740713,0.484658104961915
2023-08-21 15:30:00,0.36491922850375336,0.484658104961915
2023-08-21 15:31:00,0.36491922850375336,0.6191907094040406
2023-08-21 15:35:00,0.3758099081373048,0.6191907094040406
2023-08-21 15:40:00,0.37794042083892043,0.6191907094040406
2023-08-21 15:44:00,0.37794042083892043,0.39423685802037256
2023-08-21 15:45:00,0.3748073139247801,0.39423685802037256
2023-08-21 15:50:00,0.39310465830335944,0.39423685802037256
2023-08-21 15:53:18,0.39310465830335944,0.6936388035748873
2023-08-21 15:55:00,0.39435790106901586,0.6936388035748873
2023-08-21 16:00:00,0.38909428145325986,0.6936388035748873
2023-08-21 16:05:00,0.3958617923878033,0.6936388035748873
2023-08-21 16:10:00,0.3976163322597217,0.6936388035748873
2023-08-21 16:12:50,0.3976163322597217,0.5167996774537823
2023-08-21 16:15:00,0.39974684496133733,0.5167996774537823
2023-08-21 16:20:00,0.41077538129911123,0.5167996774537823
2023-08-21 16:25:00,0.41290589400072686,0.5167996774537823
2023-08-21 16:30:00,0.4082688957677991,0.5167996774537823
2023-08-21 16:35:00,0.4061383830661835,0.5167996774537823
2023-08-21 16:36:23,0.4061383830661835,0.49298343393138777
2023-08-21 16:40:00,0.4172922436805229,0.49298343393138777
2023-08-21 16:41:21,0.4172922436805229,0.42650808144292
2023-08-21 16:45:00,0.4235584575088036,0.42650808144292
2023-08-21 16:48:00,0.4235584575088036,0.3730990129927625
2023-08-21 16:50:00,0.4314538869324372,0.3730990129927625
2023-08-21 16:53:23,0.4314538869324372,0.3730990129927625
2023-08-21 16:55:00,0.4255636459338537,0.3730990129927625
2023-08-21 16:58:28,0.4255636459338537,0.38124725776423296
2023-08-21 17:00:00,0.43408569674031555,0.38124725776423296
2023-08-21 17:05:00,0.4293233742308223,0.38124725776423296
2023-08-21 17:10:00,0.4298246713370843,0.38124725776423296
2023-08-21 17:15:00,0.4224305390197134,0.38124725776423296
2023-08-21 17:20:00,0.4078929229381019,0.38124725776423296
2023-08-21 17:20:44,0.4078929229381019,0.545545818559847
2023-08-21 17:25:00,0.41252992117102966,0.545545818559847
2023-08-21 17:30:00,0.4132818668304234,0.545545818559847
2023-08-21 17:35:00,0.41979872921183575,0.545545818559847
2023-08-21 17:40:00,0.41979872921183575,0.4080897437417733
2023-08-21 17:40:00,0.42318248467910713,0.4080897437417733
2023-08-21 17:45:00,0.4214279448071887,0.4080897437417733
2023-08-21 17:50:00,0.4210519719774915,0.4080897437417733
2023-08-21 17:51:00,0.4210519719774915,0.5498582931138755
2023-08-21 17:54:00,0.4210519719774915,0.44162743540181904
2023-08-21 17:55:00,0.41979872921183575,0.44162743540181904
2023-08-21 18:00:00,0.4124045968944642,0.44162743540181904
2023-08-21 18:01:13,0.4124045968944642,0.5625759426373688
2023-08-21 18:05:00,0.4130312182772924,0.5625759426373688
2023-08-21 18:05:18,0.4130312182772924,0.7038488143659556
2023-08-21 18:10:00,0.40563708595992076,0.7038488143659556
2023-08-21 18:15:00,0.40726630155527443,0.7038488143659556
2023-08-21 18:17:52,0.40726630155527443,0.6052761604351212
2023-08-21 18:20:00,0.41090070557567676,0.6052761604351212
2023-08-21 18:25:00,0.41290589400072686,0.6052761604351212
2023-08-21 18:26:00,0.41290589400072686,0.5239178297699092
2023-08-21 18:30:00,0.41127667840537396,0.5239178297699092
2023-08-21 18:35:00,0.41102602985224224,0.5239178297699092
2023-08-21 18:40:00,0.4126552454475952,0.5239178297699092
2023-08-21 18:45:00,0.4161643251914327,0.5239178297699092
2023-08-21 18:50:00,0.41227927261789865,0.5239178297699092
2023-08-21 18:55:00,0.41284323186244415,0.5239178297699092
2023-08-21 18:57:00,0.41284323186244415,0.3978552257625886
2023-08-21 19:00:00,0.4132818668304234,0.3978552257625886
2023-08-21 19:00:31,0.4132818668304234,0.595527042891532
2023-08-21 19:03:13,0.4132818668304234,0.6895785158921209
2023-08-21 19:05:00,0.4172922436805229,0.6895785158921209
2023-08-21 19:10:00,0.41842016216961386,0.6895785158921209
2023-08-21 19:15:00,0.415412379532039,0.6895785158921209
2023-08-21 19:20:00,0.41842016216961386,0.6895785158921209
2023-08-21 19:22:00,0.41842016216961386,0.5417076766790389
2023-08-21 19:23:27,0.41842016216961386,0.681653207477064
2023-08-21 19:25:00,0.4176682165102201,0.681653207477064
2023-08-21 19:30:00,0.4199240534884013,0.681653207477064
2023-08-21 19:35:00,0.4172922436805229,0.681653207477064
2023-08-21 19:40:00,0.41290589400072686,0.681653207477064
2023-08-21 19:45:00,0.41290589400072686,0.681653207477064
2023-08-21 19:50:00,0.4111513541288085,0.681653207477064
2023-08-21 19:55:00,0.41090070557567676,0.681653207477064
2023-08-21 19:57:26,0.41090070557567676,0.39818409641602137
2023-08-21 20:09:17,0.41090070557567676,0.5098364738109074
2023-08-21 20:14:00,0.41090070557567676,0.5396111262634049
2023-08-21 20:22:00,0.41090070557567676,0.6131801238798832
2023-08-21 20:29:01,0.41090070557567676,0.49407123686197313
2023-08-21 20:42:00,0.41090070557567676,0.42803859486851104
2023-08-21 20:46:00,0.41090070557567676,0.5335704996699435
2023-08-21 20:50:00,0.41090070557567676,0.2944103847233257
2023-08-21 20:50:47,0.41090070557567676,0.5865676892488547
2023-08-21 21:04:05,0.41090070557567676,0.42572227031428495
2023-08-21 21:07:26,0.41090070557567676,0.7735559534679648
2023-08-21 21:08:39,0.41090070557567676,0.24810365750018776
2023-08-21 21:25:20,0.41090070557567676,0.3730990129927625
2023-08-21 21:38:00,0.41090070557567676,0.3634297414491654
2023-08-21 21:56:00,0.41090070557567676,0.6093767663951112
2023-08-21 22:25:13,0.41090070557567676,0.2170751856814777
2023-08-21 22:35:00,0.41090070557567676,0.31813255226553144
2023-08-21 22:35:00,0.41090070557567676,0.31813255226553144
2023-08-21 22:43:12,0.41090070557567676,0.6182728756813591
2023-08-21 22:50:08,0.41090070557567676,0.21784676682991616
2023-08-22 04:00:00,0.473688168135049,0.21784676682991616
2023-08-22 04:05:00,0.4479966914390988,0.21784676682991616
2023-08-22 04:10:00,0.4599024977128319,0.21784676682991616
2023-08-22 04:15:00,0.46591806298798094,0.21784676682991616
2023-08-22 04:20:00,0.46742195430676836,0.21784676682991616
2023-08-22 04:25:00,0.464288847392628,0.21784676682991616
2023-08-22 04:30:00,0.4705550612209087,0.21784676682991616
2023-08-22 04:35:00,0.4733121953053525,0.21784676682991616
2023-08-22 04:40:00,0.48244833506698553,0.21784676682991616
2023-08-22 04:45:00,0.47744789643201757,0.21784676682991616
2023-08-22 04:50:00,0.4819470379607235,0.21784676682991616
2023-08-22 04:55:00,0.4929755742984975,0.21784676682991616
2023-08-22 05:00:00,0.4925996014688003,0.21784676682991616
2023-08-22 05:05:00,0.49836451819081823,0.21784676682991616
2023-08-22 05:10:00,0.49122103442657833,0.21784676682991616
2023-08-22 05:15:00,0.4853307934279949,0.21784676682991616
2023-08-22 05:20:00,0.4949807627235469,0.21784676682991616
2023-08-22 05:25:00,0.4949807627235469,0.21784676682991616
2023-08-22 05:30:00,0.4951060870001124,0.21784676682991616
2023-08-22 05:35:00,0.49861516674394996,0.21784676682991616
2023-08-22 05:40:00,0.5067612447207145,0.21784676682991616
2023-08-22 05:45:00,0.5135287556552579,0.21784676682991616
2023-08-22 05:50:00,0.49986840950960565,0.21784676682991616
2023-08-22 05:55:00,0.5071372175504117,0.21784676682991616
2023-08-22 06:00:00,0.5051320291253616,0.21784676682991616
2023-08-22 06:05:00,0.5067612447207145,0.21784676682991616
2023-08-22 06:10:00,0.496985951148597,0.21784676682991616
2023-08-22 06:15:00,0.4956073841063751,0.21784676682991616
2023-08-22 06:20:00,0.49874049102051543,0.21784676682991616
2023-08-22 06:25:00,0.4952314112766779,0.21784676682991616
2023-08-22 06:30:00,0.5014976251049585,0.21784676682991616
2023-08-22 06:35:00,0.4966099783188998,0.21784676682991616
2023-08-22 06:40:00,0.49648465404233433,0.21784676682991616
2023-08-22 06:45:00,0.4862080633639541,0.21784676682991616
2023-08-22 06:50:00,0.47945308485706767,0.21784676682991616
2023-08-22 06:55:00,0.4849548205982977,0.21784676682991616
2023-08-22 07:00:00,0.48370157783264195,0.21784676682991616
2023-08-22 07:05:00,0.48332560500294475,0.21784676682991616
2023-08-22 07:10:00,0.4943541413407187,0.21784676682991616
2023-08-22 07:15:00,0.5008710037221311,0.21784676682991616
2023-08-22 07:20:00,0.49234895291566927,0.21784676682991616
2023-08-22 07:25:00,0.49084506159688185,0.21784676682991616
2023-08-22 07:30:00,0.4962340054892033,0.21784676682991616
2023-08-22 07:35:00,0.5017482736580903,0.21784676682991616
2023-08-22 07:40:00,0.5037534620831398,0.21784676682991616
2023-08-22 07:45:00,0.5062599476144526,0.21784676682991616
2023-08-22 07:50:00,0.5016229493815247,0.21784676682991616
2023-08-22 07:55:00,0.4946047898938504,0.21784676682991616
2023-08-22 08:00:00,0.488087927512438,0.21784676682991616
2023-08-22 08:05:00,0.49247427719223474,0.21784676682991616
2023-08-22 08:10:00,0.49886581529708096,0.21784676682991616
2023-08-22 08:15:00,0.4962716027721728,0.21784676682991616
2023-08-22 08:20:00,0.5056333262316244,0.21784676682991616
2023-08-22 08:25:00,0.521298860802326,0.21784676682991616
2023-08-22 08:30:00,0.5418520421590864,0.21784676682991616
2023-08-22 08:35:00,0.5338312884588874,0.21784676682991616
2023-08-22 08:40:00,0.5290063038111114,0.21784676682991616
2023-08-22 08:45:00,0.5435439198927221,0.21784676682991616
2023-08-22 08:50:00,0.5411000964996927,0.21784676682991616
2023-08-22 08:55:00,0.5363377739901996,0.21784676682991616
2023-08-22 09:00:00,0.5412254207762582,0.21784676682991616
2023-08-22 09:05:00,0.5344579098417156,0.21784676682991616
2023-08-22 09:10:00,0.5407241236699962,0.21784676682991616
2023-08-22 09:15:00,0.5427293120950457,0.21784676682991616
2023-08-22 09:20:00,0.551376687178073,0.21784676682991616
2023-08-22 09:25:00,0.5407241236699962,0.21784676682991616
2023-08-22 09:30:00,0.49704861328687977,0.21784676682991616
2023-08-22 09:35:00,0.42092664770092597,0.21784676682991616
2023-08-22 09:40:00,0.44198112616394913,0.21784676682991616
2023-08-22 09:45:00,0.4205506748712295,0.21784676682991616
2023-08-22 09:50:00,0.3619991728597745,0.21784676682991616
2023-08-22 09:55:00,0.3083979797726618,0.21784676682991616
2023-08-22 10:00:00,0.36164826488539054,0.21784676682991616
2023-08-22 10:05:00,0.34322559623024573,0.21784676682991616
2023-08-22 10:10:00,0.37681250234983027,0.21784676682991616
2023-08-22 10:15:00,0.37129823418094327,0.21784676682991616
2023-08-22 10:20:00,0.32512877069417095,0.21784676682991616
2023-08-22 10:25:00,0.2832078001829736,0.21784676682991616
2023-08-22 10:30:00,0.24997180203777233,0.21784676682991616
2023-08-22 10:35:00,0.2843357186720638,0.21784676682991616
2023-08-22 10:40:00,0.2919804995425664,0.21784676682991616
2023-08-22 10:45:00,0.284962340054892,0.21784676682991616
2023-08-22 10:50:00,0.32456481144962546,0.21784676682991616
2023-08-22 10:55:00,0.3410950835286301,0.21784676682991616
2023-08-22 11:00:00,0.3271966212575038,0.21784676682991616
2023-08-22 11:05:00,0.30493902973945075,0.21784676682991616
2023-08-22 11:10:00,0.28020001754539875,0.21784676682991616
2023-08-22 11:15:00,0.2830699434787511,0.21784676682991616
2023-08-22 11:20:00,0.2944243229355958,0.21784676682991616
2023-08-22 11:25:00,0.26353188876217165,0.21784676682991616
2023-08-22 11:30:00,0.2843357186720638,0.21784676682991616
2023-08-22 11:35:00,0.2682942112716656,0.21784676682991616
2023-08-22 11:40:00,0.26954745403732133,0.21784676682991616
2023-08-22 11:45:00,0.27546275989121805,0.21784676682991616
2023-08-22 11:50:00,0.22896745328537566,0.21784676682991616
2023-08-22 11:55:00,0.23834170917248343,0.21784676682991616
2023-08-22 12:00:00,0.236587169300565,0.21784676682991616
2023-08-22 12:05:00,0.2259346057924876,0.21784676682991616
2023-08-22 12:10:00,0.203125587457546,0.21784676682991616
2023-08-22 12:15:00,0.19961650771370917,0.21784676682991616
2023-08-22 12:20:00,0.2115223139874423,0.21784676682991616
2023-08-22 12:25:00,0.22405474164400366,0.21784676682991616
2023-08-22 12:30:00,0.21929241913451042,0.21784676682991616
2023-08-22 12:35:00,0.25475918940257886,0.21784676682991616
2023-08-22 12:40:00,0.25546100535134675,0.21784676682991616
2023-08-22 12:45:00,0.24911959695712638,0.21784676682991616
2023-08-22 12:50:00,0.26033611970974857,0.21784676682991616
2023-08-22 12:55:00,0.24492123369217858,0.21784676682991616
2023-08-22 13:00:00,0.23619866404321155,0.21784676682991616
2023-08-22 13:05:00,0.2381411903299789,0.21784676682991616
2023-08-22 13:10:00,0.23282744100359648,0.21784676682991616
2023-08-22 13:15:00,0.22242552604865073,0.21784676682991616
2023-08-22 13:20:00,0.2184151491985512,0.21784676682991616
2023-08-22 13:25:00,0.2291303748449114,0.21784676682991616
2023-08-22 13:30:00,0.2313862118230918,0.21784676682991616
2023-08-22 13:35:00,0.22973193137242634,0.21784676682991616
2023-08-22 13:40:00,0.22633564347749804,0.21784676682991616
2023-08-22 13:45:00,0.23245146817389997,0.21784676682991616
2023-08-22 13:50:00,0.21478074517814816,0.21784676682991616
2023-08-22 13:55:00,0.24097351898036176,0.21784676682991616
2023-08-22 14:00:00,0.21427944807188615,0.21784676682991616
2023-08-22 14:05:00,0.2301329690574361,0.21784676682991616
2023-08-22 14:07:00,0.2301329690574361,0.342993118223466
2023-08-22 14:10:00,0.22900505056834516,0.342993118223466
2023-08-22 14:14:00,0.22900505056834516,0.43528323589749673
2023-08-22 14:15:00,0.236837817853696,0.43528323589749673
2023-08-22 14:20:00,0.25488451367914433,0.43528323589749673
2023-08-22 14:25:00,0.2674169413357057,0.43528323589749673
2023-08-22 14:27:00,0.2674169413357057,0.7116974389988419
2023-08-22 14:30:00,0.26616369857004996,0.7116974389988419
2023-08-22 14:35:00,0.24680109784066248,0.7116974389988419
2023-08-22 14:38:52,0.24680109784066248,0.5614762813899529
2023-08-22 14:40:00,0.24680109784066248,0.4402526612039354
2023-08-22 14:40:00,0.23132354968480906,0.4402526612039354
2023-08-22 14:45:00,0.23696314213026223,0.4402526612039354
2023-08-22 14:48:40,0.23696314213026223,0.5299228814128789
2023-08-22 14:50:00,0.24059754615066456,0.5299228814128789
2023-08-22 14:55:00,0.2518140689032867,0.5299228814128789
2023-08-22 14:55:42,0.2518140689032867,0.5454509520252029
2023-08-22 15:00:00,0.2518140689032867,0.0
2023-08-22 15:00:00,0.26265461882621244,0.0
2023-08-22 15:05:00,0.2689208326544931,0.0
2023-08-22 15:09:30,0.2689208326544931,0.5150248827014827
2023-08-22 15:09:31,0.2689208326544931,0.5287528608189355
2023-08-22 15:10:00,0.26679031995287816,0.5287528608189355
2023-08-22 15:12:00,0.26679031995287816,0.5277654583041816
2023-08-22 15:15:00,0.24082312984848303,0.5277654583041816
2023-08-22 15:20:00,0.23796573634278695,0.5277654583041816
2023-08-22 15:24:00,0.23796573634278695,0.46023234395443247
2023-08-22 15:25:00,0.23721379068339324,0.46023234395443247
2023-08-22 15:30:00,0.21897910844309665,0.46023234395443247
2023-08-22 15:35:00,0.21415412379531995,0.46023234395443247
2023-08-22 15:36:35,0.21415412379531995,0.3748066106163558
2023-08-22 15:40:00,0.21803917636885398,0.3748066106163558
2023-08-22 15:45:00,0.22367876881430718,0.3748066106163558
2023-08-22 15:50:00,0.2265612271753158,0.3748066106163558
2023-08-22 15:55:00,0.23207549534420277,0.3748066106163558
2023-08-22 16:00:00,0.2373391149599587,0.3748066106163558
2023-08-22 16:05:00,0.24661311142581424,0.3748066106163558
2023-08-22 16:09:00,0.24661311142581424,0.43811895472889917
2023-08-22 16:10:00,0.251250109658742,0.43811895472889917
2023-08-22 16:15:00,0.24937024551025735,0.43811895472889917
2023-08-22 16:15:52,0.24937024551025735,0.47824275555660967
2023-08-22 16:20:00,0.23784041206622145,0.47824275555660967
2023-08-22 16:25:00,0.22931836125975963,0.47824275555660967
2023-08-22 16:30:00,0.22931836125975963,0.6521449718760253
2023-08-22 16:30:00,0.23169952251450626,0.6521449718760253
2023-08-22 16:35:00,0.23320341383329368,0.6521449718760253
2023-08-22 16:40:00,0.23602321005601956,0.6521449718760253
2023-08-22 16:45:00,0.23696314213026223,0.6521449718760253
2023-08-22 16:48:00,0.23696314213026223,0.5602580369742319
2023-08-22 16:50:00,0.23696314213026223,0.5871961800408716
2023-08-22 16:50:00,0.23621119647086852,0.5871961800408716
2023-08-22 16:55:00,0.23959495193813984,0.5871961800408716
2023-08-22 16:57:08,0.23959495193813984,0.3774992390913367
2023-08-22 17:00:00,0.23871768200218066,0.3774992390913367
2023-08-22 17:05:00,0.23959495193813984,0.3774992390913367
2023-08-22 17:06:11,0.23959495193813984,0.4864803329815366
2023-08-22 17:10:00,0.23871768200218066,0.4864803329815366
2023-08-22 17:10:00,0.23871768200218066,0.47510188270543546
2023-08-22 17:15:00,0.24185078891632097,0.47510188270543546
2023-08-22 17:20:00,0.24185078891632097,0.4773494290220446
2023-08-22 17:20:00,0.24185078891632097,0.4773494290220446
2023-08-22 17:25:00,0.24811700274460166,0.4773494290220446
2023-08-22 17:30:00,0.2439813016179359,0.4773494290220446
2023-08-22 17:35:00,0.24636246287268324,0.4773494290220446
2023-08-22 17:40:00,0.24505909039640034,0.4773494290220446
2023-08-22 17:40:07,0.24505909039640034,0.24501258957970173
2023-08-22 17:43:07,0.24505909039640034,0.3730990129927625
2023-08-22 17:45:00,0.2443572744476331,0.3730990129927625
2023-08-22 17:50:00,0.2429787074054112,0.3730990129927625
2023-08-22 17:55:00,0.2443572744476331,0.3730990129927625
2023-08-22 18:00:00,0.24611181431955154,0.3730990129927625
2023-08-22 18:05:00,0.24686375997894525,0.3730990129927625
2023-08-22 18:10:00,0.24749038136177345,0.3730990129927625
2023-08-22 18:12:07,0.24749038136177345,0.4325937696403373
2023-08-22 18:15:00,0.24774102991490446,0.4325937696403373
2023-08-22 18:20:00,0.24774102991490446,0.4325937696403373
2023-08-22 18:25:00,0.24749038136177345,0.4325937696403373
2023-08-22 18:30:00,0.2443572744476331,0.4325937696403373
2023-08-22 18:30:20,0.2443572744476331,0.5078434860289264
2023-08-22 18:35:00,0.24185078891632097,0.5078434860289264
2023-08-22 18:35:00,0.24185078891632097,0.43266571009577565
2023-08-22 18:38:56,0.24185078891632097,0.7796060667148905
2023-08-22 18:40:00,0.23934430338500887,0.7796060667148905
2023-08-22 18:45:00,0.24485857155389582,0.7796060667148905
2023-08-22 18:50:00,0.23871768200218066,0.7796060667148905
2023-08-22 18:55:00,0.24047222187409906,0.7796060667148905
2023-08-22 18:59:26,0.24047222187409906,0.5933364164957093
2023-08-22 19:00:00,0.23984560049127085,0.5933364164957093
2023-08-22 19:05:00,0.23765242565137248,0.5933364164957093
2023-08-22 19:09:02,0.23765242565137248,0.6947906414163574
2023-08-22 19:10:00,0.24084819470379557,0.6947906414163574
2023-08-22 19:15:00,0.2441066258945021,0.6947906414163574
2023-08-22 19:20:00,0.24498389583046132,0.6947906414163574
2023-08-22 19:25:00,0.24598649004298603,0.6947906414163574
2023-08-22 19:30:00,0.24749038136177345,0.6947906414163574
2023-08-22 19:35:00,0.2465504492875315,0.6947906414163574
2023-08-22 19:40:00,0.2444825987241986,0.6947906414163574
2023-08-22 19:40:00,0.2444825987241986,0.4354611106499543
2023-08-22 19:41:00,0.2444825987241986,0.6058927929103076
2023-08-22 19:45:00,0.251250109658742,0.6058927929103076
2023-08-22 19:50:00,0.24811700274460166,0.6058927929103076
2023-08-22 19:55:00,0.24811700274460166,0.6058927929103076
2023-08-22 20:00:00,0.24811700274460166,0.4589801056971307
2023-08-22 20:04:00,0.24811700274460166,0.7796819599426058
2023-08-22 20:09:28,0.24811700274460166,0.2704700241514386
2023-08-22 20:10:00,0.24811700274460166,0.4121903497017634
2023-08-22 20:23:00,0.24811700274460166,0.7746658919233004
2023-08-22 20:30:12,0.24811700274460166,0.3730990129927625
2023-08-22 20:45:00,0.24811700274460166,0.46459304233023835
2023-08-22 20:54:14,0.24811700274460166,0.489042519971382
2023-08-22 21:33:19,0.24811700274460166,0.56953124073569
2023-08-22 21:33:29,0.24811700274460166,0.8211876499582983
2023-08-22 21:44:54,0.24811700274460166,0.6903872530999616
2023-08-22 21:59:04,0.24811700274460166,0.4301256586306807
2023-08-22 21:59:04,0.24811700274460166,0.42753422112598666
2023-08-22 21:59:35,0.24811700274460166,0.4254250218390669
2023-08-22 22:04:00,0.24811700274460166,0.4005162320593548
2023-08-22 22:09:00,0.24811700274460166,0.5335704996699435
2023-08-22 22:48:00,0.24811700274460166,0.3730990129927625
2023-08-22 22:52:00,0.24811700274460166,0.8409973635008914
2023-08-23 04:00:00,0.3107791410274084,0.8409973635008914
2023-08-23 04:05:00,0.3170453548556891,0.8409973635008914
2023-08-23 04:10:00,0.32920180968255325,0.8409973635008914
2023-08-23 04:15:00,0.3348288697003494,0.8409973635008914
2023-08-23 04:20:00,0.33683405812539957,0.8409973635008914
2023-08-23 04:25:00,0.333324978381562,0.8409973635008914
2023-08-23 04:30:00,0.31453886932437697,0.8409973635008914
2023-08-23 04:35:00,0.31579211209003266,0.8409973635008914
2023-08-23 04:40:00,0.31516549070720445,0.8409973635008914
2023-08-23 04:45:00,0.3169200305791236,0.8409973635008914
2023-08-23 04:50:00,0.3196771646635667,0.8409973635008914
2023-08-23 04:55:00,0.31641873347286087,0.8409973635008914
2023-08-23 05:00:00,0.3182985976213448,0.8409973635008914
2023-08-23 05:05:00,0.32519143283245366,0.8409973635008914
2023-08-23 05:10:00,0.3250661085558882,0.8409973635008914
2023-08-23 05:15:00,0.3199278132166977,0.8409973635008914
2023-08-23 05:20:00,0.32331156868396976,0.8409973635008914
2023-08-23 05:25:00,0.32581805421528187,0.8409973635008914
2023-08-23 05:30:00,0.32331156868396976,0.8409973635008914
2023-08-23 05:35:00,0.33083102527790614,0.8409973635008914
2023-08-23 05:40:00,0.333324978381562,0.8409973635008914
2023-08-23 05:45:00,0.32995375534194693,0.8409973635008914
2023-08-23 05:50:00,0.3225596230245761,0.8409973635008914
2023-08-23 05:55:00,0.32581805421528187,0.8409973635008914
2023-08-23 06:00:00,0.32581805421528187,0.8409973635008914
2023-08-23 06:05:00,0.31955184038700124,0.8409973635008914
2023-08-23 06:10:00,0.30476357575225876,0.8409973635008914
2023-08-23 06:15:00,0.3011291717318557,0.8409973635008914
2023-08-23 06:20:00,0.3018811173912494,0.8409973635008914
2023-08-23 06:25:00,0.2919804995425664,0.8409973635008914
2023-08-23 06:30:00,0.2872181770330731,0.8409973635008914
2023-08-23 06:35:00,0.2803253418219642,0.8409973635008914
2023-08-23 06:40:00,0.2825811788001454,0.8409973635008914
2023-08-23 06:45:00,0.2906019325003445,0.8409973635008914
2023-08-23 06:50:00,0.2838344215658011,0.8409973635008914
2023-08-23 06:55:00,0.28759414986276965,0.8409973635008914
2023-08-23 07:00:00,0.25563645933853807,0.8409973635008914
2023-08-23 07:05:00,0.23934430338500887,0.8409973635008914
2023-08-23 07:10:00,0.2506234882759138,0.8409973635008914
2023-08-23 07:15:00,0.25601243216823527,0.8409973635008914
2023-08-23 07:20:00,0.26052410612459753,0.8409973635008914
2023-08-23 07:25:00,0.24924492123369188,0.8409973635008914
2023-08-23 07:30:00,0.2583935934229819,0.8409973635008914
2023-08-23 07:35:00,0.25801762059328465,0.8409973635008914
2023-08-23 07:40:00,0.2431040316819767,0.8409973635008914
2023-08-23 07:45:00,0.2511247853821765,0.8409973635008914
2023-08-23 07:50:00,0.25413256801975065,0.8409973635008914
2023-08-23 07:55:00,0.2694221297607558,0.8409973635008914
2023-08-23 08:00:00,0.25701502638075996,0.8409973635008914
2023-08-23 08:05:00,0.26390786159186885,0.8409973635008914
2023-08-23 08:10:00,0.2706753725264122,0.8409973635008914
2023-08-23 08:15:00,0.2699860890053013,0.8409973635008914
2023-08-23 08:20:00,0.2746857493765118,0.8409973635008914
2023-08-23 08:25:00,0.2628802025240309,0.8409973635008914
2023-08-23 08:30:00,0.2669156442294437,0.8409973635008914
2023-08-23 08:35:00,0.2738084794405526,0.8409973635008914
2023-08-23 08:40:00,0.27205393956863344,0.8409973635008914
2023-08-23 08:45:00,0.2669156442294437,0.8409973635008914
2023-08-23 08:50:00,0.26524883135112054,0.8409973635008914
2023-08-23 08:55:00,0.2617773488902532,0.8409973635008914
2023-08-23 09:00:00,0.26704096850600917,0.8409973635008914
2023-08-23 09:05:00,0.2518140689032867,0.8409973635008914
2023-08-23 09:10:00,0.251250109658742,0.8409973635008914
2023-08-23 09:15:00,0.2436053287882394,0.8409973635008914
2023-08-23 09:20:00,0.23053400674244584,0.8409973635008914
2023-08-23 09:25:00,0.25764164776358817,0.8409973635008914
2023-08-23 09:30:00,0.24354266664995666,0.8409973635008914
2023-08-23 09:35:00,0.18135676061809936,0.8409973635008914
2023-08-23 09:40:00,0.2137154888273407,0.8409973635008914
2023-08-23 09:45:00,0.22054566190016683,0.8409973635008914
2023-08-23 09:50:00,0.24141215394834104,0.8409973635008914
2023-08-23 09:55:00,0.27049991853922023,0.8409973635008914
2023-08-23 10:00:00,0.28922336545812255,0.8409973635008914
2023-08-23 10:05:00,0.30980161167019626,0.8409973635008914
2023-08-23 10:10:00,0.3394658679332772,0.8409973635008914
2023-08-23 10:15:00,0.33208426804356256,0.8409973635008914
2023-08-23 10:20:00,0.32895116112942224,0.8409973635008914
2023-08-23 10:25:00,0.31529081498377065,0.8409973635008914
2023-08-23 10:30:00,0.31827353276603226,0.8409973635008914
2023-08-23 10:35:00,0.3168323035855276,0.8409973635008914
2023-08-23 10:40:00,0.3392152193801462,0.8409973635008914
2023-08-23 10:45:00,0.34600779517000213,0.8409973635008914
2023-08-23 10:50:00,0.35782587445013925,0.8409973635008914
2023-08-23 10:55:00,0.36026969784316937,0.8409973635008914
2023-08-23 11:00:00,0.3585151579712502,0.8409973635008914
2023-08-23 11:05:00,0.3536275111851915,0.8409973635008914
2023-08-23 11:10:00,0.35124634993044485,0.8409973635008914
2023-08-23 11:15:00,0.34566941962327513,0.8409973635008914
2023-08-23 11:20:00,0.35300088980236327,0.8409973635008914
2023-08-23 11:25:00,0.3454814332084269,0.8409973635008914
2023-08-23 11:30:00,0.34598273031468885,0.8409973635008914
2023-08-23 11:35:00,0.3504944042710511,0.8409973635008914
2023-08-23 11:40:00,0.33020440389507866,0.8409973635008914
2023-08-23 11:45:00,0.33985437319063067,0.8409973635008914
2023-08-23 11:50:00,0.35506874036569613,0.8409973635008914
2023-08-23 11:55:00,0.3809482034764953,0.8409973635008914
2023-08-23 12:00:00,0.37042096424498405,0.8409973635008914
2023-08-23 12:05:00,0.35939242790720943,0.8409973635008914
2023-08-23 12:10:00,0.35932976576892667,0.8409973635008914
2023-08-23 12:15:00,0.3517476470367075,0.8409973635008914
2023-08-23 12:20:00,0.35236173599187876,0.8409973635008914
2023-08-23 12:25:00,0.36050781396864334,0.8409973635008914
2023-08-23 12:30:00,0.3587783389520382,0.8409973635008914
2023-08-23 12:35:00,0.3667990926522373,0.8409973635008914
2023-08-23 12:40:00,0.36691188450114653,0.8409973635008914
2023-08-23 12:45:00,0.36916772147932764,0.8409973635008914
2023-08-23 12:50:00,0.3586404822478157,0.8409973635008914
2023-08-23 12:55:00,0.34397754188963947,0.8409973635008914
2023-08-23 13:00:00,0.34560675748499237,0.8409973635008914
2023-08-23 13:05:00,0.35061972854761664,0.8409973635008914
2023-08-23 13:10:00,0.35199829558983853,0.8409973635008914
2023-08-23 13:15:00,0.3636409208827837,0.8409973635008914
2023-08-23 13:20:00,0.3634529344679355,0.8409973635008914
2023-08-23 13:25:00,0.37192485556377075,0.8409973635008914
2023-08-23 13:30:00,0.37969496071083886,0.8409973635008914
2023-08-23 13:35:00,0.3783665233792434,0.8409973635008914
2023-08-23 13:40:00,0.39435790106901586,0.8409973635008914
2023-08-23 13:45:00,0.4036569623901846,0.8409973635008914
2023-08-23 13:50:00,0.3992455478550746,0.8409973635008914
2023-08-23 13:55:00,0.39630042735578325,0.8409973635008914
2023-08-23 14:00:00,0.3996215206847718,0.8409973635008914
2023-08-23 14:05:00,0.39809256451067115,0.8409973635008914
2023-08-23 14:10:00,0.39216472622911747,0.8409973635008914
2023-08-23 14:15:00,0.38784103868760417,0.8409973635008914
2023-08-23 14:20:00,0.391350118431441,0.8409973635008914
2023-08-23 14:25:00,0.3887433734788766,0.8409973635008914
2023-08-23 14:30:00,0.3804469063702326,0.8409973635008914
2023-08-23 14:35:00,0.35625932099306906,0.8409973635008914
2023-08-23 14:40:00,0.3610341759302193,0.8409973635008914
2023-08-23 14:45:00,0.37405536826538643,0.8409973635008914
2023-08-23 14:50:00,0.38495858032659486,0.8409973635008914
2023-08-23 14:55:00,0.381449500582758,0.8409973635008914
2023-08-23 15:00:00,0.39208953166317845,0.8409973635008914
2023-08-23 15:05:00,0.39410725251588485,0.8409973635008914
2023-08-23 15:10:00,0.39285400975022844,0.8409973635008914
2023-08-23 15:15:00,0.39918288571679184,0.8409973635008914
2023-08-23 15:20:00,0.3876154549897857,0.8409973635008914
2023-08-23 15:25:00,0.390848821325179,0.8409973635008914
2023-08-23 15:30:00,0.4073916258318399,0.8409973635008914
2023-08-23 15:35:00,0.4150364067023418,0.8409973635008914
2023-08-23 15:40:00,0.40902084142719286,0.8409973635008914
2023-08-23 15:45:00,0.4161643251914327,0.8409973635008914
2023-08-23 15:50:00,0.40100008772699375,0.8409973635008914
2023-08-23 15:55:00,0.41378316393668607,0.8409973635008914
2023-08-23 16:00:00,0.40475981602396155,0.8409973635008914
2023-08-23 16:05:00,0.4249370245510255,0.8409973635008914
2023-08-23 16:10:00,0.42882207712455955,0.8409973635008914
2023-08-23 16:15:00,0.42794480718860034,0.8409973635008914
2023-08-23 16:20:00,0.9373378617171932,0.8409973635008914
2023-08-23 16:25:00,0.8819570639028481,0.8409973635008914
2023-08-23 16:30:00,0.8300728134046843,0.8409973635008914
2023-08-23 16:35:00,0.9122855388317268,0.8409973635008914
2023-08-23 16:36:00,0.9122855388317268,0.43467846173914076
2023-08-23 16:39:49,0.9122855388317268,0.4539861732025756
2023-08-23 16:40:00,0.942726805609514,0.4539861732025756
2023-08-23 16:40:16,0.942726805609514,0.4418369323324914
2023-08-23 16:45:00,0.8878473049014323,0.4418369323324914
2023-08-23 16:47:00,0.8878473049014323,0.3851083257242467
2023-08-23 16:50:00,0.871680473224468,0.3851083257242467
2023-08-23 16:55:00,0.9188274660684517,0.3851083257242467
2023-08-23 17:00:00,0.9686689308585966,0.3851083257242467
2023-08-23 17:05:00,1.0,0.3851083257242467
2023-08-23 17:06:06,1.0,0.44962942759904656
2023-08-23 17:10:00,0.9761883874525337,0.44962942759904656
2023-08-23 17:15:00,0.9244294612309347,0.44962942759904656
2023-08-23 17:20:00,0.9404709686313336,0.44962942759904656
2023-08-23 17:25:00,0.8916070331984008,0.44962942759904656
2023-08-23 17:30:00,0.8903537904327444,0.44962942759904656
2023-08-23 17:30:46,0.8903537904327444,0.42332293754224526
2023-08-23 17:35:00,0.8751895529683055,0.42332293754224526
2023-08-23 17:40:00,0.8638477059391171,0.42332293754224526
2023-08-23 17:44:00,0.8638477059391171,0.4430164395798994
2023-08-23 17:45:00,0.8521298860802322,0.4430164395798994
2023-08-23 17:48:22,0.8521298860802322,0.3730990129927625
2023-08-23 17:50:00,0.8246838695123628,0.3730990129927625
2023-08-23 17:55:00,0.8196708984497386,0.3730990129927625
2023-08-23 18:00:00,0.8255611394483221,0.3730990129927625
2023-08-23 18:01:19,0.8255611394483221,0.1491238680248392
2023-08-23 18:05:00,0.8270650307671095,0.1491238680248392
2023-08-23 18:10:00,0.7495018360006517,0.1491238680248392
2023-08-23 18:15:00,0.7655433434010499,0.1491238680248392
2023-08-23 18:20:00,0.7563946712117599,0.1491238680248392
2023-08-23 18:25:00,0.7728372162971685,0.1491238680248392
2023-08-23 18:30:00,0.7711829358465023,0.1491238680248392
2023-08-23 18:35:00,0.7695537202511494,0.1491238680248392
2023-08-23 18:40:00,0.7683004774854938,0.1491238680248392
2023-08-23 18:45:00,0.7587758324665073,0.1491238680248392
2023-08-23 18:47:38,0.7587758324665073,0.3814899579820307
2023-08-23 18:50:00,0.7684258017620592,0.3814899579820307
2023-08-23 18:55:00,0.7706816387402403,0.3814899579820307
2023-08-23 19:00:00,0.7706816387402403,0.3814899579820307
2023-08-23 19:05:00,0.7650420462947879,0.3814899579820307
2023-08-23 19:10:00,0.7900943691802537,0.3814899579820307
2023-08-23 19:10:40,0.7900943691802537,0.282567878981924
2023-08-23 19:15:00,0.7951073402428785,0.282567878981924
2023-08-23 19:15:08,0.7951073402428785,0.6065861091676648
2023-08-23 19:20:00,0.7919742333287383,0.6065861091676648
2023-08-23 19:25:00,0.7943553945834849,0.6065861091676648
2023-08-23 19:25:00,0.7943553945834849,0.43782803068932397
2023-08-23 19:30:00,0.821676086874788,0.43782803068932397
2023-08-23 19:35:00,0.8182923314075167,0.43782803068932397
2023-08-23 19:40:00,0.8165377915355982,0.43782803068932397
2023-08-23 19:45:00,0.7994936899226747,0.43782803068932397
2023-08-23 19:50:00,0.7953579887960096,0.43782803068932397
2023-08-23 19:55:00,0.8013735540711593,0.43782803068932397
2023-08-23 20:07:17,0.8013735540711593,0.3730990129927625
2023-08-23 20:08:52,0.8013735540711593,0.5212971417503667
2023-08-23 20:21:53,0.8013735540711593,0.4834058667046133
2023-08-23 20:26:10,0.8013735540711593,0.6923209492977901
2023-08-23 20:27:00,0.8013735540711593,0.4609636068256472
2023-08-23 20:32:00,0.8013735540711593,0.446750228272599
2023-08-23 20:33:00,0.8013735540711593,0.6965282801092546
2023-08-23 20:36:11,0.8013735540711593,0.5752287666955219
2023-08-23 20:36:50,0.8013735540711593,0.6357781229865567
2023-08-23 20:36:50,0.8013735540711593,0.6439224149857502
2023-08-23 20:44:43,0.8013735540711593,0.8226240874037007
2023-08-23 20:44:43,0.8013735540711593,0.8226240874037007
2023-08-23 20:47:57,0.8013735540711593,0.5278302837695218
2023-08-23 21:00:00,0.8013735540711593,0.5335594319075684
2023-08-23 21:18:14,0.8013735540711593,0.6273919213240206
2023-08-23 21:19:00,0.8013735540711593,0.4919778486641606
2023-08-23 21:30:00,0.8013735540711593,0.5030622126828652
2023-08-23 21:40:04,0.8013735540711593,0.6166696312458743
2023-08-23 21:48:00,0.8013735540711593,0.3730990129927625
2023-08-23 21:49:11,0.8013735540711593,0.6175661199982607
2023-08-23 21:56:47,0.8013735540711593,0.495215959713345
2023-08-23 22:00:00,0.8013735540711593,0.7750295469727694
2023-08-23 22:12:44,0.8013735540711593,0.7087700158506168
2023-08-23 22:26:00,0.8013735540711593,0.4362066035013657
2023-08-23 22:26:00,0.8013735540711593,0.6117152264740876
2023-08-23 22:31:00,0.8013735540711593,0.6516105570641969
2023-08-23 22:40:22,0.8013735540711593,0.8914473866246091
2023-08-23 22:59:06,0.8013735540711593,0.6206777423345864
2023-08-23 23:00:55,0.8013735540711593,0.486007581417227
2023-08-23 23:07:00,0.8013735540711593,0.6431563677184994
2023-08-23 23:17:48,0.8013735540711593,0.8466450845300352
2023-08-23 23:43:22,0.8013735540711593,1.0
2023-08-23 23:49:33,0.8013735540711593,0.885320589595513
2023-08-23 23:53:13,0.8013735540711593,0.5765260665567796
2023-08-23 23:57:21,0.8013735540711593,0.3232292568392843
2023-08-23 23:58:36,0.8013735540711593,0.542999442659109
2023-08-23 23:58:41,0.8013735540711593,0.3865526687142027
2023-08-24 04:00:00,0.9169225370646545,0.3865526687142027
2023-08-24 04:05:00,0.8953667614953694,0.3865526687142027
2023-08-24 04:10:00,0.8967453285375906,0.3865526687142027
2023-08-24 04:15:00,0.9012570024939529,0.3865526687142027
2023-08-24 04:20:00,0.9010063539408218,0.3865526687142027
2023-08-24 04:25:00,0.8934868973468848,0.3865526687142027
2023-08-24 04:30:00,0.8814557667965861,0.3865526687142027
2023-08-24 04:35:00,0.89047911470931,0.3865526687142027
2023-08-24 04:40:00,0.8862180893060794,0.3865526687142027
2023-08-24 04:45:00,0.8906044389858755,0.3865526687142027
2023-08-24 04:50:00,0.8911057360921382,0.3865526687142027
2023-08-24 04:55:00,0.8948654643891067,0.3865526687142027
2023-08-24 05:00:00,0.8953667614953694,0.3865526687142027
2023-08-24 05:05:00,0.8988758412392063,0.3865526687142027
2023-08-24 05:10:00,0.9033875151955685,0.3865526687142027
2023-08-24 05:15:00,0.9084004862581928,0.3865526687142027
2023-08-24 05:20:00,0.8857167921998167,0.3865526687142027
2023-08-24 05:25:00,0.8652889351196217,0.3865526687142027
2023-08-24 05:30:00,0.8552629929943725,0.3865526687142027
2023-08-24 05:35:00,0.8562655872068979,0.3865526687142027
2023-08-24 05:40:00,0.8511272918677074,0.3865526687142027
2023-08-24 05:45:00,0.86591555650245,0.3865526687142027
2023-08-24 05:50:00,0.8719311217775996,0.3865526687142027
2023-08-24 05:55:00,0.8803278483074952,0.3865526687142027
2023-08-24 06:00:00,0.8852154950935547,0.3865526687142027
2023-08-24 06:05:00,0.8745629315854773,0.3865526687142027
2023-08-24 06:10:00,0.873435013096387,0.3865526687142027
2023-08-24 06:15:00,0.8754402015214364,0.3865526687142027
2023-08-24 06:20:00,0.8598999912273003,0.3865526687142027
2023-08-24 06:25:00,0.8908550875390071,0.3865526687142027
2023-08-24 06:30:00,0.888599250560826,0.3865526687142027
2023-08-24 06:35:00,0.8764427957339612,0.3865526687142027
2023-08-24 06:40:00,0.8834609552216356,0.3865526687142027
2023-08-24 06:45:00,0.8759414986276992,0.3865526687142027
2023-08-24 06:50:00,0.8765681200105274,0.3865526687142027
2023-08-24 06:55:00,0.8869700349654731,0.3865526687142027
2023-08-24 07:00:00,0.873435013096387,0.3865526687142027
2023-08-24 07:05:00,0.9107816475129394,0.3865526687142027
2023-08-24 07:10:00,0.9179251312771792,0.3865526687142027
2023-08-24 07:15:00,0.9022595967064776,0.3865526687142027
2023-08-24 07:20:00,0.9011943403556701,0.3865526687142027
2023-08-24 07:25:00,0.8911057360921382,0.3865526687142027
2023-08-24 07:30:00,0.8908550875390071,0.3865526687142027
2023-08-24 07:35:00,0.8882232777311289,0.3865526687142027
2023-08-24 07:40:00,0.880578496860627,0.3865526687142027
2023-08-24 07:45:00,0.8814557667965861,0.3865526687142027
2023-08-24 07:50:00,0.8790746055418395,0.3865526687142027
2023-08-24 07:55:00,0.8834609552216356,0.3865526687142027
2023-08-24 08:00:00,0.8600253155038657,0.3865526687142027
2023-08-24 08:05:00,0.8576441542491191,0.3865526687142027
2023-08-24 08:10:00,0.8137806574511545,0.3865526687142027
2023-08-24 08:15:00,0.8167884400887292,0.3865526687142027
2023-08-24 08:20:00,0.8244332209592319,0.3865526687142027
2023-08-24 08:25:00,0.8210494654919606,0.3865526687142027
2023-08-24 08:30:00,0.8124020904089332,0.3865526687142027
2023-08-24 08:35:00,0.8145326031105481,0.3865526687142027
2023-08-24 08:40:00,0.7900943691802537,0.3865526687142027
2023-08-24 08:45:00,0.8012482297945931,0.3865526687142027
2023-08-24 08:50:00,0.7993057035078264,0.3865526687142027
2023-08-24 08:55:00,0.7956086373491406,0.3865526687142027
2023-08-24 09:00:00,0.8300728134046843,0.3865526687142027
2023-08-24 09:05:00,0.8501246976551827,0.3865526687142027
2023-08-24 09:10:00,0.855137668717807,0.3865526687142027
2023-08-24 09:15:00,0.8314513804469063,0.3865526687142027
2023-08-24 09:20:00,0.8025014725602495,0.3865526687142027
2023-08-24 09:25:00,0.8002456355820684,0.3865526687142027
2023-08-24 09:30:00,0.7063276227237979,0.3865526687142027
2023-08-24 09:35:00,0.6661611920845183,0.3865526687142027
2023-08-24 09:40:00,0.6078979359091645,0.3865526687142027
2023-08-24 09:45:00,0.5731455140175203,0.3865526687142027
2023-08-24 09:50:00,0.5833343777023046,0.3865526687142027
2023-08-24 09:55:00,0.5670422217487747,0.3865526687142027
2023-08-24 10:00:00,0.6402315992630934,0.3865526687142027
2023-08-24 10:05:00,0.6145401225671424,0.3865526687142027
2023-08-24 10:10:00,0.6404697153885673,0.3865526687142027
2023-08-24 10:15:00,0.60802326018573,0.3865526687142027
2023-08-24 10:20:00,0.5919817527853318,0.3865526687142027
2023-08-24 10:25:00,0.5272642963668492,0.3865526687142027
2023-08-24 10:30:00,0.5609013321970595,0.3865526687142027
2023-08-24 10:35:00,0.569674031556653,0.3865526687142027
2023-08-24 10:40:00,0.5404734751168645,0.3865526687142027
2023-08-24 10:45:00,0.5409873046507835,0.3865526687142027
2023-08-24 10:50:00,0.5241061245973956,0.3865526687142027
2023-08-24 10:55:00,0.4999310716478884,0.3865526687142027
2023-08-24 11:00:00,0.4807063276227234,0.3865526687142027
2023-08-24 11:05:00,0.478688606770017,0.3865526687142027
2023-08-24 11:10:00,0.5139673906232372,0.3865526687142027
2023-08-24 11:15:00,0.525685210482122,0.3865526687142027
2023-08-24 11:20:00,0.5006328875966564,0.3865526687142027
2023-08-24 11:25:00,0.5215495093554571,0.3865526687142027
2023-08-24 11:30:00,0.5298209116087879,0.3865526687142027
2023-08-24 11:35:00,0.49874049102051543,0.3865526687142027
2023-08-24 11:40:00,0.5060092990613209,0.3865526687142027
2023-08-24 11:45:00,0.5112729186770768,0.3865526687142027
2023-08-24 11:50:00,0.5000939932074241,0.3865526687142027
2023-08-24 11:55:00,0.5128394721341469,0.3865526687142027
2023-08-24 12:00:00,0.5127768099958642,0.3865526687142027
2023-08-24 12:05:00,0.5270261802413745,0.3865526687142027
2023-08-24 12:10:00,0.5648114496259068,0.3865526687142027
2023-08-24 12:15:00,0.5763162182146302,0.3865526687142027
2023-08-24 12:20:00,0.5720551928113996,0.3865526687142027
2023-08-24 12:25:00,0.5786973794693768,0.3865526687142027
2023-08-24 12:30:00,0.5933603198275538,0.3865526687142027
2023-08-24 12:35:00,0.6207938039677662,0.3865526687142027
2023-08-24 12:40:00,0.6339528530071558,0.3865526687142027
2023-08-24 12:45:00,0.6166706352687581,0.3865526687142027
2023-08-24 12:50:00,0.6013810735277529,0.3865526687142027
2023-08-24 12:55:00,0.5894752672540198,0.3865526687142027
2023-08-24 13:00:00,0.5854648904039202,0.3865526687142027
2023-08-24 13:05:00,0.6068953416966398,0.3865526687142027
2023-08-24 13:10:00,0.6035742483676513,0.3865526687142027
2023-08-24 13:15:00,0.5882220244883634,0.3865526687142027
2023-08-24 13:20:00,0.5784467309162458,0.3865526687142027
2023-08-24 13:25:00,0.5660396275362499,0.3865526687142027
2023-08-24 13:30:00,0.5709272743223087,0.3865526687142027
2023-08-24 13:35:00,0.5952401839760377,0.3865526687142027
2023-08-24 13:40:00,0.5874700788289696,0.3865526687142027
2023-08-24 13:45:00,0.5852142418507885,0.3865526687142027
2023-08-24 13:50:00,0.581203865000689,0.3865526687142027
2023-08-24 13:55:00,0.5805772436178608,0.3865526687142027
2023-08-24 14:00:00,0.5961801160502797,0.3865526687142027
2023-08-24 14:05:00,0.5977466695073499,0.3865526687142027
2023-08-24 14:10:00,0.6071459902497709,0.3865526687142027
2023-08-24 14:15:00,0.590778639730302,0.3865526687142027
2023-08-24 14:20:00,0.6012557492511874,0.3865526687142027
2023-08-24 14:25:00,0.5823944456280626,0.3865526687142027
2023-08-24 14:30:00,0.5852769039890713,0.3865526687142027
2023-08-24 14:35:00,0.5714285714285714,0.3865526687142027
2023-08-24 14:40:00,0.5407241236699962,0.3865526687142027
2023-08-24 14:45:00,0.5309488300978781,0.3865526687142027
2023-08-24 14:50:00,0.5116488915067733,0.3865526687142027
2023-08-24 14:55:00,0.5325655132655747,0.3865526687142027
2023-08-24 15:00:00,0.5290689659493941,0.3865526687142027
2023-08-24 15:05:00,0.5085032521649767,0.3865526687142027
2023-08-24 15:10:00,0.5014976251049585,0.3865526687142027
2023-08-24 15:15:00,0.48639604977880235,0.3865526687142027
2023-08-24 15:20:00,0.4716829797099996,0.3865526687142027
2023-08-24 15:25:00,0.45413758099081325,0.3865526687142027
2023-08-24 15:30:00,0.4529470003634403,0.3865526687142027
2023-08-24 15:35:00,0.4496259070344517,0.3865526687142027
2023-08-24 15:40:00,0.43283245397465914,0.3865526687142027
2023-08-24 15:45:00,0.4458661787374832,0.3865526687142027
2023-08-24 15:50:00,0.44373566603586756,0.3865526687142027
2023-08-24 15:55:00,0.41879613499931034,0.3865526687142027
2023-08-24 16:00:00,0.41854548644617934,0.3865526687142027
2023-08-24 16:05:00,0.40413319464113406,0.3865526687142027
2023-08-24 16:10:00,0.41509906884062525,0.3865526687142027
2023-08-24 16:15:00,0.40037346634416554,0.3865526687142027
2023-08-24 16:19:30,0.40037346634416554,0.28346199607094436
2023-08-24 16:20:00,0.40131339841840746,0.28346199607094436
2023-08-24 16:24:14,0.40131339841840746,0.9643286018649179
2023-08-24 16:25:00,0.4058877345130525,0.9643286018649179
2023-08-24 16:25:48,0.4058877345130525,0.4396273326297399
2023-08-24 16:26:11,0.4058877345130525,0.4869254151399084
2023-08-24 16:28:06,0.4058877345130525,0.29142604165431424
2023-08-24 16:30:00,0.40475981602396155,0.29142604165431424
2023-08-24 16:35:00,0.3969897108768935,0.29142604165431424
2023-08-24 16:39:00,0.3969897108768935,0.4758291928043734
2023-08-24 16:40:00,0.39573646811123775,0.4758291928043734
2023-08-24 16:44:24,0.39573646811123775,0.5657974520429904
2023-08-24 16:45:00,0.39755367012143894,0.5657974520429904
2023-08-24 16:45:58,0.39755367012143894,0.5687493823793317
2023-08-24 16:47:00,0.39755367012143894,0.6497069019356726
2023-08-24 16:50:00,0.40037346634416554,0.6497069019356726
2023-08-24 16:51:00,0.40037346634416554,0.4777842339724966
2023-08-24 16:55:00,0.3899715513892191,0.4777842339724966
2023-08-24 17:00:00,0.3721755041169025,0.4777842339724966
2023-08-24 17:03:00,0.3721755041169025,0.3886737263179531
2023-08-24 17:05:00,0.36904239720276216,0.3886737263179531
2023-08-24 17:10:00,0.3642800746932689,0.3886737263179531
2023-08-24 17:15:00,0.36089631922599685,0.3886737263179531
2023-08-24 17:20:00,0.37067161279811506,0.3886737263179531
2023-08-24 17:25:00,0.37092226135124606,0.3886737263179531
2023-08-24 17:29:00,0.37092226135124606,0.5062789787617545
2023-08-24 17:30:00,0.38470793177346385,0.5062789787617545
2023-08-24 17:35:00,0.38909428145325986,0.5062789787617545
2023-08-24 17:36:00,0.38909428145325986,0.3355943190756837
2023-08-24 17:40:00,0.3879663629641697,0.3355943190756837
2023-08-24 17:45:00,0.3929793340267939,0.3355943190756837
2023-08-24 17:50:00,0.3884676600704324,0.3355943190756837
2023-08-24 17:55:00,0.3822014462421517,0.3355943190756837
2023-08-24 17:58:31,0.3822014462421517,0.5185523366813314
2023-08-24 18:00:00,0.3907234970486128,0.5185523366813314
2023-08-24 18:05:00,0.3996215206847718,0.5185523366813314
2023-08-24 18:05:00,0.3996215206847718,0.4940791424065269
2023-08-24 18:06:00,0.3996215206847718,0.43421519682829557
2023-08-24 18:10:00,0.4002481420676,0.43421519682829557
2023-08-24 18:12:22,0.4002481420676,0.4366319217983533
2023-08-24 18:15:00,0.40037346634416554,0.4366319217983533
2023-08-24 18:19:13,0.40037346634416554,0.5369074300260488
2023-08-24 18:20:00,0.40200268193951844,0.5369074300260488
2023-08-24 18:20:00,0.40200268193951844,0.5595196591129188
2023-08-24 18:25:00,0.4063890316193145,0.5595196591129188
2023-08-24 18:29:00,0.4063890316193145,0.3950527102183116
2023-08-24 18:30:00,0.4053864374067898,0.3950527102183116
2023-08-24 18:31:53,0.4053864374067898,0.8790348911208876
2023-08-24 18:35:00,0.4038198839497196,0.8790348911208876
2023-08-24 18:40:00,0.3991202235785091,0.8790348911208876
2023-08-24 18:45:00,0.3991202235785091,0.5739512306956484
2023-08-24 18:45:00,0.40225333049264944,0.5739512306956484
2023-08-24 18:48:41,0.40225333049264944,0.3730990129927625
2023-08-24 18:50:00,0.40413319464113406,0.3730990129927625
2023-08-24 18:52:00,0.40413319464113406,0.3521224410740473
2023-08-24 18:53:00,0.40413319464113406,0.40411088316790983
2023-08-24 18:55:00,0.40413319464113406,0.456006039836039
2023-08-24 18:55:00,0.40475981602396155,0.456006039836039
2023-08-24 18:59:48,0.40475981602396155,0.41601821437465164
2023-08-24 19:00:00,0.3986189264722471,0.41601821437465164
2023-08-24 19:05:00,0.38596117453911954,0.41601821437465164
2023-08-24 19:05:49,0.38596117453911954,0.8627818820729919
2023-08-24 19:10:00,0.3882170115173007,0.8627818820729919
2023-08-24 19:13:00,0.3882170115173007,0.6567309782716108
2023-08-24 19:15:00,0.39536049528154055,0.6567309782716108
2023-08-24 19:16:00,0.39536049528154055,0.4300734820366264
2023-08-24 19:16:01,0.39536049528154055,0.7106396771375605
2023-08-24 19:20:00,0.39222738836740023,0.7106396771375605
2023-08-24 19:25:00,0.39109946987831,0.7106396771375605
2023-08-24 19:30:00,0.40037346634416554,0.7106396771375605
2023-08-24 19:32:10,0.40037346634416554,0.5165656733349935
2023-08-24 19:35:00,0.40137606055669023,0.5165656733349935
2023-08-24 19:35:00,0.40137606055669023,0.22578788633408037
2023-08-24 19:40:00,0.39623776521749976,0.22578788633408037
2023-08-24 19:44:35,0.39623776521749976,0.5078498104645693
2023-08-24 19:45:00,0.39724035943002517,0.5078498104645693
2023-08-24 19:50:00,0.3917260912611382,0.5078498104645693
2023-08-24 19:55:00,0.3815748248593235,0.5078498104645693
2023-08-24 20:00:00,0.3815748248593235,0.7319071730958508
2023-08-24 20:10:27,0.3815748248593235,0.5263875218884765
2023-08-24 20:23:00,0.3815748248593235,0.5550285192519774
2023-08-24 20:26:00,0.3815748248593235,0.5279457047200053
2023-08-24 20:45:58,0.3815748248593235,0.5553937554103571
2023-08-24 20:48:00,0.3815748248593235,0.4423650227086768
2023-08-24 21:00:00,0.3815748248593235,0.6451849304509718
2023-08-24 21:00:00,0.3815748248593235,0.6368516959369454
2023-08-24 21:00:07,0.3815748248593235,0.620896725918723
2023-08-24 21:02:00,0.3815748248593235,0.3878760568724875
2023-08-24 21:48:00,0.3815748248593235,0.25520995149948417
2023-08-24 22:53:00,0.3815748248593235,0.5742405736263129
2023-08-24 23:00:08,0.3815748248593235,0.741736136639432
2023-08-24 23:08:00,0.3815748248593235,0.5807191673880476
2023-08-24 23:11:00,0.3815748248593235,0.39800859332692984
2023-08-24 23:33:01,0.3815748248593235,0.4893342345654125
2023-08-25 04:00:00,0.4385973706966778,0.4893342345654125
2023-08-25 04:05:00,0.4572706879049536,0.4893342345654125
2023-08-25 04:10:00,0.4599024977128319,0.4893342345654125
2023-08-25 04:15:00,0.4655420901582844,0.4893342345654125
2023-08-25 04:20:00,0.49109571015001285,0.4893342345654125
2023-08-25 04:25:00,0.4915970072562756,0.4893342345654125
2023-08-25 04:30:00,0.508014487486371,0.4893342345654125
2023-08-25 04:35:00,0.4963593297657688,0.4893342345654125
2023-08-25 04:40:00,0.49861516674394996,0.4893342345654125
2023-08-25 04:45:00,0.48370157783264195,0.4893342345654125
2023-08-25 04:50:00,0.48144574085446085,0.4893342345654125
2023-08-25 04:55:00,0.48370157783264195,0.4893342345654125
2023-08-25 05:00:00,0.46842454851929377,0.4893342345654125
2023-08-25 05:05:00,0.4664193600942436,0.4893342345654125
2023-08-25 05:10:00,0.4797037334101987,0.4893342345654125
2023-08-25 05:15:00,0.4809444437481981,0.4893342345654125
2023-08-25 05:20:00,0.4741894652413117,0.4893342345654125
2023-08-25 05:25:00,0.48081911947163264,0.4893342345654125
2023-08-25 05:30:00,0.473688168135049,0.4893342345654125
2023-08-25 05:35:00,0.47732257215545204,0.4893342345654125
2023-08-25 05:40:00,0.4751920594538364,0.4893342345654125
2023-08-25 05:45:00,0.4652914416051534,0.4893342345654125
2023-08-25 05:50:00,0.43721880365445587,0.4893342345654125
2023-08-25 05:55:00,0.4360908851653649,0.4893342345654125
2023-08-25 06:00:00,0.4486233128219263,0.4893342345654125
2023-08-25 06:05:00,0.4464928001203114,0.4893342345654125
2023-08-25 06:10:00,0.44285839609990835,0.4893342345654125
2023-08-25 06:15:00,0.44185580188738366,0.4893342345654125
2023-08-25 06:20:00,0.4388480192498088,0.4893342345654125
2023-08-25 06:25:00,0.44198112616394913,0.4893342345654125
2023-08-25 06:30:00,0.4473700700562706,0.4893342345654125
2023-08-25 06:35:00,0.4496259070344517,0.4893342345654125
2023-08-25 06:40:00,0.4467434486734424,0.4893342345654125
2023-08-25 06:45:00,0.4476207186094016,0.4893342345654125
2023-08-25 06:50:00,0.4429837203764738,0.4893342345654125
2023-08-25 06:55:00,0.44486358452495844,0.4893342345654125
2023-08-25 07:00:00,0.4385973706966778,0.4893342345654125
2023-08-25 07:05:00,0.41804418933991666,0.4893342345654125
2023-08-25 07:10:00,0.41566302808517,0.4893342345654125
2023-08-25 07:15:00,0.41378316393668607,0.4893342345654125
2023-08-25 07:20:00,0.3994961964082063,0.4893342345654125
2023-08-25 07:25:00,0.4001228177910338,0.4893342345654125
2023-08-25 07:30:00,0.41227927261789865,0.4893342345654125
2023-08-25 07:35:00,0.41603900091486723,0.4893342345654125
2023-08-25 07:40:00,0.41353251538355507,0.4893342345654125
2023-08-25 07:45:00,0.4065143558958807,0.4893342345654125
2023-08-25 07:50:00,0.3984936021956809,0.4893342345654125
2023-08-25 07:55:00,0.4058877345130525,0.4893342345654125
2023-08-25 08:00:00,0.39680172446204526,0.4893342345654125
2023-08-25 08:05:00,0.41090070557567676,0.4893342345654125
2023-08-25 08:10:00,0.4159136766383017,0.4893342345654125
2023-08-25 08:15:00,0.40851954432093013,0.4893342345654125
2023-08-25 08:20:00,0.40475981602396155,0.4893342345654125
2023-08-25 08:25:00,0.3969897108768935,0.4893342345654125
2023-08-25 08:30:00,0.38470793177346385,0.4893342345654125
2023-08-25 08:35:00,0.3927286854736629,0.4893342345654125
2023-08-25 08:40:00,0.40964746281002107,0.4893342345654125
2023-08-25 08:45:00,0.4023159926309322,0.4893342345654125
2023-08-25 08:50:00,0.39247803692053196,0.4893342345654125
2023-08-25 08:55:00,0.3984936021956809,0.4893342345654125
2023-08-25 09:00:00,0.39717769729174246,0.4893342345654125
2023-08-25 09:05:00,0.39974684496133733,0.4893342345654125
2023-08-25 09:10:00,0.41165265123507044,0.4893342345654125
2023-08-25 09:15:00,0.41252992117102966,0.4893342345654125
2023-08-25 09:20:00,0.406013058789618,0.4893342345654125
2023-08-25 09:25:00,0.40087476345042755,0.4893342345654125
2023-08-25 09:30:00,0.3389645708270145,0.4893342345654125
2023-08-25 09:35:00,0.3721755041169025,0.4893342345654125
2023-08-25 09:40:00,0.4338475806148408,0.4893342345654125
2023-08-25 09:45:00,0.4400260674495255,0.4893342345654125
2023-08-25 09:50:00,0.4083942200443646,0.4893342345654125
2023-08-25 09:55:00,0.40162670910982123,0.4893342345654125
2023-08-25 10:00:00,0.4147857581492108,0.4893342345654125
2023-08-25 10:05:00,0.37029563996841786,0.4893342345654125
2023-08-25 10:10:00,0.47130700688030236,0.4893342345654125
2023-08-25 10:15:00,0.4468687729500079,0.4893342345654125
2023-08-25 10:20:00,0.4187836025716541,0.4893342345654125
2023-08-25 10:25:00,0.40595039665133525,0.4893342345654125
2023-08-25 10:30:00,0.39410725251588485,0.4893342345654125
2023-08-25 10:35:00,0.3662852631183183,0.4893342345654125
2023-08-25 10:40:00,0.3182985976213448,0.4893342345654125
2023-08-25 10:45:00,0.25072374769716604,0.4893342345654125
2023-08-25 10:50:00,0.2434800045116739,0.4893342345654125
2023-08-25 10:55:00,0.18733472861027883,0.4893342345654125
2023-08-25 11:00:00,0.2186657977516822,0.4893342345654125
2023-08-25 11:05:00,0.26202799744338495,0.4893342345654125
2023-08-25 11:10:00,0.2350832779817776,0.4893342345654125
2023-08-25 11:15:00,0.20926647700926118,0.4893342345654125
2023-08-25 11:20:00,0.20851453134986747,0.4893342345654125
2023-08-25 11:25:00,0.25012219116965106,0.4893342345654125
2023-08-25 11:30:00,0.22981965836602164,0.4893342345654125
2023-08-25 11:35:00,0.26140137606055674,0.4893342345654125
2023-08-25 11:40:00,0.2566390535510635,0.4893342345654125
2023-08-25 11:45:00,0.23069692830198155,0.4893342345654125
2023-08-25 11:50:00,0.1917085458624186,0.4893342345654125
2023-08-25 11:55:00,0.16610479616006368,0.4893342345654125
2023-08-25 12:00:00,0.18266013309438156,0.4893342345654125
2023-08-25 12:00:00,0.18266013309438156,0.5921853692086946
2023-08-25 12:00:00,0.18266013309438156,0.6879175609813943
2023-08-25 12:00:00,0.18266013309438156,0.42732393364085897
2023-08-25 12:00:51,0.18266013309438156,0.48447943965500206
2023-08-25 12:05:00,0.18266013309438156,0.4504508136781732
2023-08-25 12:05:00,0.19673404935269984,0.4504508136781732
2023-08-25 12:08:08,0.19673404935269984,0.5991169506733548
2023-08-25 12:10:00,0.19811261639492175,0.5991169506733548
2023-08-25 12:15:00,0.17318561778602154,0.5991169506733548
2023-08-25 12:18:00,0.17318561778602154,0.29372734567388836
2023-08-25 12:18:46,0.17318561778602154,0.4905564317534103
2023-08-25 12:20:00,0.1943528880979532,0.4905564317534103
2023-08-25 12:25:00,0.20362688456380873,0.4905564317534103
2023-08-25 12:30:00,0.20175955284298105,0.4905564317534103
2023-08-25 12:35:00,0.23007030691915334,0.4905564317534103
2023-08-25 12:40:00,0.21499379644830965,0.4905564317534103
2023-08-25 12:45:00,0.22117228328299432,0.4905564317534103
2023-08-25 12:47:19,0.22117228328299432,0.5823888183977832
2023-08-25 12:49:32,0.22117228328299432,0.9488803772525861
2023-08-25 12:50:00,0.18220896569874534,0.9488803772525861
2023-08-25 12:55:00,0.20155903400047584,0.9488803772525861
2023-08-25 13:00:00,0.20538142443572713,0.9488803772525861
2023-08-25 13:00:01,0.20538142443572713,0.3943672995055082
2023-08-25 13:03:00,0.20538142443572713,0.5719874934285162
2023-08-25 13:05:00,0.1998044941285574,0.5719874934285162
2023-08-25 13:05:58,0.1998044941285574,0.3519793507176258
2023-08-25 13:10:00,0.22292682315491347,0.3519793507176258
2023-08-25 13:10:00,0.22292682315491347,0.6559016866479306
2023-08-25 13:12:00,0.22292682315491347,0.2521070252621676
2023-08-25 13:15:00,0.21083303046633137,0.2521070252621676
2023-08-25 13:20:00,0.1842768162620782,0.2521070252621676
2023-08-25 13:23:00,0.1842768162620782,0.3214489282057971
2023-08-25 13:25:00,0.19297432105573128,0.3214489282057971
2023-08-25 13:30:00,0.18296091135813905,0.3214489282057971
2023-08-25 13:35:00,0.17468950910480824,0.3214489282057971
2023-08-25 13:40:00,0.19504217161906418,0.3214489282057971
2023-08-25 13:45:00,0.1933502938854285,0.3214489282057971
2023-08-25 13:50:00,0.19924053488401197,0.3214489282057971
2023-08-25 13:52:47,0.19924053488401197,0.6457770557380419
2023-08-25 13:55:00,0.19534294988282164,0.6457770557380419
2023-08-25 14:00:00,0.19534294988282164,0.5536063117867717
2023-08-25 14:00:00,0.1989272241925982,0.5536063117867717
2023-08-25 14:05:00,0.2097176444048974,0.5536063117867717
2023-08-25 14:10:00,0.21667314175428903,0.5536063117867717
2023-08-25 14:11:33,0.21667314175428903,0.7279140825417907
2023-08-25 14:15:00,0.23746443923652422,0.7279140825417907
2023-08-25 14:20:00,0.2382790470342007,0.7279140825417907
2023-08-25 14:25:00,0.26553707718722175,0.7279140825417907
2023-08-25 14:29:00,0.26553707718722175,0.32808168008632854
2023-08-25 14:30:00,0.27473587908713754,0.32808168008632854
2023-08-25 14:32:00,0.27473587908713754,0.5662022159241384
2023-08-25 14:34:00,0.27473587908713754,0.45304541340068855
2023-08-25 14:35:00,0.2521273795947012,0.45304541340068855
2023-08-25 14:35:53,0.2521273795947012,0.4372161415408697
2023-08-25 14:38:10,0.2521273795947012,0.36936127152778603
2023-08-25 14:40:00,0.2521273795947012,0.3777664464972509
2023-08-25 14:40:00,0.24548519293672333,0.3777664464972509
2023-08-25 14:45:00,0.2656624014637873,0.3777664464972509
2023-08-25 14:50:00,0.27230458812176517,0.3777664464972509
2023-08-25 14:55:00,0.29799606481771534,0.3777664464972509
2023-08-25 15:00:00,0.28797012269246686,0.3777664464972509
2023-08-25 15:05:00,0.2923439399446066,0.3777664464972509
2023-08-25 15:10:00,0.29295802889977784,0.3777664464972509
2023-08-25 15:12:50,0.29295802889977784,0.4540683908659338
2023-08-25 15:15:00,0.30614214279448065,0.4540683908659338
2023-08-25 15:16:00,0.30614214279448065,0.2619952803899015
2023-08-25 15:20:00,0.3109044653039739,0.2619952803899015
2023-08-25 15:20:37,0.3109044653039739,0.49992845482178927
2023-08-25 15:22:00,0.3109044653039739,0.46153122492460086
2023-08-25 15:25:00,0.28922336545812255,0.46153122492460086
2023-08-25 15:30:00,0.27462308723822904,0.46153122492460086
2023-08-25 15:35:00,0.27687892421640947,0.46153122492460086
2023-08-25 15:40:00,0.29147920243630365,0.46153122492460086
2023-08-25 15:45:00,0.2733823769002289,0.46153122492460086
2023-08-25 15:50:00,0.2731818580577244,0.46153122492460086
2023-08-25 15:55:00,0.2754376950359055,0.46153122492460086
2023-08-25 16:00:00,0.270299399696715,0.46153122492460086
2023-08-25 16:02:41,0.270299399696715,0.41975753694853885
2023-08-25 16:05:00,0.27456042509994627,0.41975753694853885
2023-08-25 16:10:00,0.27105134535610875,0.41975753694853885
2023-08-25 16:15:00,0.270550048249846,0.41975753694853885
2023-08-25 16:20:00,0.27142731818580595,0.41975753694853885
2023-08-25 16:25:00,0.27368315516398634,0.41975753694853885
2023-08-25 16:30:00,0.27794418056721765,0.41975753694853885
2023-08-25 16:35:00,0.2734325066108554,0.41975753694853885
2023-08-25 16:40:00,0.27393380371711806,0.41975753694853885
2023-08-25 16:45:00,0.27192861529206797,0.41975753694853885
2023-08-25 16:50:00,0.2731818580577244,0.41975753694853885
2023-08-25 16:50:52,0.2731818580577244,0.3085992560882575
2023-08-25 16:55:00,0.2723672502600479,0.3085992560882575
2023-08-25 17:00:00,0.2731191959194416,0.3085992560882575
2023-08-25 17:02:06,0.2731191959194416,0.5906588085553803
2023-08-25 17:05:00,0.27192861529206797,0.5906588085553803
2023-08-25 17:10:00,0.27305653378115885,0.5906588085553803
2023-08-25 17:15:00,0.27305653378115885,0.5906588085553803
2023-08-25 17:20:00,0.27305653378115885,0.5906588085553803
2023-08-25 17:25:00,0.2684195355482311,0.5906588085553803
2023-08-25 17:30:00,0.2692968054841903,0.5906588085553803
2023-08-25 17:35:00,0.2692968054841903,0.35743496701411537
2023-08-25 17:35:00,0.2631559159324751,0.35743496701411537
2023-08-25 17:40:00,0.2669156442294437,0.35743496701411537
2023-08-25 17:45:00,0.2600228090183348,0.35743496701411537
2023-08-25 17:47:46,0.2600228090183348,0.6282504634625494
2023-08-25 17:50:00,0.2587695662526784,0.6282504634625494
2023-08-25 17:55:00,0.2590202148058101,0.6282504634625494
2023-08-25 18:00:00,0.2590202148058101,0.5794534897050047
2023-08-25 18:00:00,0.25457120298773056,0.5794534897050047
2023-08-25 18:03:58,0.25457120298773056,0.2621454857364212
2023-08-25 18:04:00,0.25457120298773056,0.34200413459980156
2023-08-25 18:05:00,0.2521273795947012,0.34200413459980156
2023-08-25 18:10:00,0.2531299738072259,0.34200413459980156
2023-08-25 18:15:00,0.24561051721328953,0.34200413459980156
2023-08-25 18:20:00,0.251250109658742,0.34200413459980156
2023-08-25 18:25:00,0.24799167846803616,0.34200413459980156
2023-08-25 18:30:00,0.24811700274460166,0.34200413459980156
2023-08-25 18:35:00,0.2431040316819767,0.34200413459980156
2023-08-25 18:40:00,0.2499968668930856,0.34200413459980156
2023-08-25 18:45:00,0.24943290764854012,0.34200413459980156
2023-08-25 18:50:00,0.2522527038712667,0.34200413459980156
2023-08-25 18:55:00,0.25306731166894314,0.34200413459980156
2023-08-25 18:57:00,0.25306731166894314,0.40896330641495415
2023-08-25 19:00:00,0.25789229631671917,0.40896330641495415
2023-08-25 19:00:50,0.25789229631671917,0.6118804523552595
2023-08-25 19:05:00,0.25601243216823527,0.6118804523552595
2023-08-25 19:10:00,0.25601243216823527,0.4578338017368481
2023-08-25 19:10:00,0.2572030127956082,0.4578338017368481
2023-08-25 19:13:00,0.2572030127956082,0.3730990129927625
2023-08-25 19:15:00,0.25701502638075996,0.3730990129927625
2023-08-25 19:20:00,0.2597721604652038,0.3730990129927625
2023-08-25 19:25:00,0.2582682691464164,0.3730990129927625
2023-08-25 19:27:37,0.2582682691464164,0.596601406396376
2023-08-25 19:28:47,0.2582682691464164,0.472147580705728
2023-08-25 19:30:00,0.2622786459965159,0.472147580705728
2023-08-25 19:35:00,0.260649430401163,0.472147580705728
2023-08-25 19:40:00,0.25952151191207207,0.472147580705728
2023-08-25 19:45:00,0.25789229631671917,0.472147580705728
2023-08-25 19:47:15,0.25789229631671917,0.3873772170111508
2023-08-25 19:50:00,0.251250109658742,0.3873772170111508
2023-08-25 19:55:00,0.2577669720401537,0.3873772170111508
2023-08-25 20:58:00,0.2577669720401537,0.5128089585630883
2023-08-25 21:08:00,0.2577669720401537,0.4953827667034275
2023-08-25 21:53:00,0.2577669720401537,0.4525141608066817
2023-08-25 21:57:00,0.2577669720401537,0.40015099590097514
2023-08-25 22:01:00,0.2577669720401537,0.44989821611387143
2023-08-25 22:36:00,0.2577669720401537,0.547844750916055
